Catalog,Type,GaiaDR3,RA,DEC,Gmag,Bp-Rp,Voff(km/s),Sep(deg),3D(pc),Vr(pred),Vr(obs),Vrerr,Plx(mas),SpT,FnuvJ,W1-W3,RUWE,XCrate,RVsrc,PMRApred,PMDecpred,PMRA,PMRAerr,PMDec,PMDecerr,rank_score
Gaia,DR3,5590921485126584832,110.1704096,-33.9223278,12.771,0.857,0.0,0.0,0.0,19.1,19.1,2.06,2.637,G5.4,,,0.917,,Gaia_DR3,-8.021,5.078,-8.021,0.01,5.078,0.013,3
Gaia,DR3,5589656088982368768,111.0502421,-36.0676116,15.475,2.33,0.108,2.2631,19.6447,18.56,-0.82,13.54,2.73,M2.4,,,0.997,,Gaia_DR3,-8.49,5.591,-8.551,0.024,5.605,0.029,3
Gaia,DR3,5592608071548308864,111.9360071,-32.3344984,10.256,0.257,0.073,2.1696,15.7865,18.96,10.53,2.95,2.594,A7.1,,,0.989,,Gaia_DR3,-8.24,4.571,-8.2,0.015,4.576,0.017,3
Gaia,DR3,5592407475090407040,111.4958145,-33.3896071,10.022,0.227,0.194,1.2251,8.2909,18.9,12.16,1.67,2.649,A6.9,,,3.402,,Gaia_DR3,-8.328,4.899,-8.239,0.049,4.96,0.054,3
Gaia,DR3,5592872774673376896,111.1310043,-32.0525305,19.659,3.056,1.11,2.036,15.1668,19.18,,,2.688,M4.2,,,0.997,,,-8.374,4.747,-8.145,0.327,5.332,0.353,2
Gaia,DR3,5591771755516466688,112.3585757,-33.0594116,13.173,0.951,0.178,2.0185,21.6541,18.76,16.93,5.26,2.525,G9.0,,,1.084,,Gaia_DR3,-8.101,4.544,-8.195,0.012,4.53,0.014,2
Gaia,DR3,5592863708002601216,110.5822325,-31.9404372,16.458,2.374,0.19,2.0118,14.9175,19.32,,,2.686,M2.6,,,1.063,,,-8.256,4.764,-8.176,0.039,4.693,0.046,2
Gaia,DR3,5605202805442339968,110.1855421,-30.6602086,19.396,3.015,1.133,3.2621,21.6376,19.58,,,2.652,M4.1,,,0.949,,,-8.07,4.49,-7.667,0.273,4.001,0.399,2
Gaia,DR3,5605043612473425664,108.8564972,-31.5266467,18.238,3.215,0.493,2.6383,21.6177,19.74,,,2.553,M4.6,,,1.069,,,-7.508,4.575,-7.74,0.115,4.704,0.135,2
Gaia,DR3,5593207094923704064,111.6399683,-31.8571609,18.71,3.153,0.477,2.4057,21.3941,19.1,,,2.543,M4.5,,,1.026,,,-8.022,4.419,-8.218,0.146,4.583,0.172,2
Gaia,DR3,5590530750481732096,108.4553669,-35.2776085,13.651,1.196,0.892,1.9569,21.2984,19.22,12.59,2.36,2.761,K2.9,,,3.687,,Gaia_DR3,-8.032,5.722,-8.534,0.044,5.59,0.052,2
Gaia,DR3,5591749176868993280,112.5675047,-33.3947331,19.072,3.102,1.202,2.0638,15.5737,18.66,,,2.587,M4.4,,,0.948,,,-8.342,4.7,-8.597,0.209,4.096,0.253,2
Gaia,DR3,5604893189842644992,110.207056,-31.7329156,16.682,2.469,0.256,2.1896,14.5887,19.43,,,2.65,M2.9,,,1.0,,,-8.07,4.69,-8.026,0.04,4.826,0.046,2
Gaia,DR3,5592811030219078144,111.6106365,-32.2552162,19.398,3.138,0.545,2.0579,15.6357,19.04,,,2.693,M4.5,,,1.036,,,-8.489,4.757,-8.222,0.265,4.6,0.32,2
Gaia,DR3,5589619147966665088,110.5222508,-36.5541617,20.293,2.611,2.831,2.6475,20.7391,18.59,,,2.564,M3.3,,,1.024,,,-7.871,5.379,-6.766,0.455,6.439,0.517,2
Gaia,DR3,5592777426394961280,111.2201389,-32.5045071,19.922,3.183,1.315,1.6678,15.6895,19.09,,,2.562,M4.6,,,1.015,,,-8.001,4.6,-8.526,0.319,5.079,0.36,2
Gaia,DR3,5592867036597008128,110.8616289,-31.8879695,18.904,3.317,0.853,2.1155,15.6895,19.26,,,2.59,M4.9,,,1.091,,,-8.017,4.564,-8.48,0.167,4.611,0.217,2
Gaia,DR3,5588388519576816512,113.7125814,-34.6426736,18.063,2.991,0.49,3.0139,20.7329,18.22,,,2.601,M4.1,,,1.019,,,-8.609,4.851,-8.841,0.113,4.715,0.115,2
Gaia,DR3,5592886243689939456,111.1871258,-31.7627678,18.314,3.35,0.687,2.3223,15.8878,19.21,,,2.611,M5.0,,,1.078,,,-8.147,4.554,-8.038,0.126,4.916,0.136,2
Gaia,DR3,5592880235037738496,111.1338295,-31.8034472,16.853,2.577,0.148,2.2681,15.9653,19.22,,,2.601,M3.2,,,1.05,,,-8.106,4.548,-8.177,0.058,4.587,0.059,2
Gaia,DR3,5592897140029152896,110.8841445,-31.7022741,12.562,0.824,0.439,2.2996,20.4744,19.28,20.87,3.09,2.738,G2.1,,,0.873,,Gaia_DR3,-8.479,4.786,-8.226,0.009,4.802,0.01,2
Gaia,DR3,5592828283111691648,111.2699706,-31.9579052,17.105,2.729,0.267,2.1703,14.7212,19.16,,,2.661,M3.6,,,1.088,,,-8.32,4.671,-8.36,0.056,4.527,0.065,2
Gaia,DR3,5592845703499906560,110.761141,-32.1569906,16.521,2.438,0.215,1.8335,14.5789,19.24,,,2.583,M2.8,,,1.09,,,-7.975,4.608,-8.08,0.046,4.555,0.058,2
Gaia,DR3,5591230830152448512,112.770516,-35.3176658,14.068,1.259,0.217,2.5543,20.3094,18.32,-8.23,8.1,2.563,K3.5,,,1.023,,Gaia_DR3,-8.303,4.975,-8.419,0.015,4.961,0.016,2
Gaia,DR3,5592841404232051712,110.8556098,-32.2308565,19.222,2.976,0.705,1.7862,14.5781,19.21,,,2.58,M4.1,,,1.045,,,-7.984,4.609,-8.191,0.23,4.287,0.279,2
Gaia,DR3,5590041399089194240,110.5324876,-35.0638686,20.266,2.782,2.55,1.1799,13.0536,18.84,,,2.566,M3.7,,,1.041,,,-7.879,5.119,-9.258,0.461,5.155,0.572,2
Gaia,DR3,5591821504113055104,114.1768956,-33.7603121,19.563,2.939,0.105,3.3314,23.1135,18.24,,,2.593,M4.0,,,0.937,,,-8.671,4.643,-8.71,0.254,4.601,0.317,2
Gaia,DR3,5591757423206215424,112.6515696,-33.2086374,19.784,2.606,1.324,2.1871,22.9892,18.67,,,2.52,M3.3,,,1.031,,,-8.141,4.539,-7.581,0.275,4.964,0.354,2
Gaia,DR3,5591475643281087232,113.3316265,-33.9244199,18.583,2.745,0.365,2.623,22.8492,18.41,,,2.54,M3.6,,,0.999,,,-8.334,4.645,-8.478,0.139,4.513,0.154,2
Gaia,DR3,5604877178200550400,110.3904269,-31.8730916,11.946,0.703,0.453,2.0575,13.6451,19.37,16.52,7.1,2.632,F8.4,,,0.99,,Gaia_DR3,-8.053,4.671,-8.022,0.012,4.92,0.014,2
Gaia,DR3,5589804282527961856,111.7596338,-35.2180048,18.526,1.332,0.867,1.8415,22.8187,18.55,,,2.779,K4.1,,,1.026,,,-8.793,5.467,-9.293,0.211,5.382,0.228,2
Gaia,DR3,5604781177094910080,110.2549276,-32.0029185,19.749,2.718,2.235,1.9207,13.7816,19.38,,,2.676,M3.5,,,1.013,,,-8.157,4.783,-7.078,0.369,5.433,0.381,2
Gaia,DR3,5592855869682124800,110.5993866,-32.178252,19.015,3.029,1.192,1.7807,22.543,19.28,,,2.511,M4.2,,,1.022,,,-7.721,4.495,-7.919,0.195,5.094,0.202,2
Gaia,DR3,5592811927868515200,111.6254015,-32.1795475,17.12,2.771,0.747,2.127,22.4324,19.05,,,2.522,M3.6,,,2.507,,,-7.954,4.441,-8.153,0.109,4.785,0.122,2
Gaia,DR3,5589759198257185792,111.2705971,-35.8172445,12.605,0.996,1.856,2.0989,14.0075,18.56,-3.03,6.89,2.651,K0.6,,,8.09,,Gaia_DR3,-8.288,5.364,-8.601,0.109,4.375,0.105,2
Gaia,DR3,5589777889957665280,111.7447096,-35.5818246,19.352,3.167,1.078,2.104,22.4065,18.5,,,2.766,M4.5,,,0.965,,,-8.749,5.512,-8.217,0.213,5.177,0.274,2
Gaia,DR3,5603471383866875776,108.300534,-32.5093618,17.36,2.78,0.339,2.1079,14.0394,19.71,,,2.627,M3.7,,,1.006,,,-7.61,4.935,-7.75,0.063,5.06,0.076,2
Gaia,DR3,5605229051984092800,109.3541531,-30.8306686,13.535,1.104,1.691,3.1675,22.2587,19.74,16.55,2.22,2.694,K2.0,,,2.049,,Gaia_DR3,-8.025,4.655,-8.023,0.021,5.615,0.023,2
Gaia,DR3,5604844227215855744,109.889004,-31.8850144,16.658,2.888,0.299,2.051,22.2435,19.47,,,2.767,M3.9,,,1.015,,,-8.358,4.951,-8.256,0.041,5.093,0.05,2
Gaia,DR3,5592848108681706752,110.9446343,-32.1173926,13.338,1.045,0.218,1.9181,14.5386,19.21,18.1,4.23,2.59,K1.6,,,0.977,,Gaia_DR3,-8.032,4.599,-8.151,0.011,4.603,0.013,2
Gaia,DR3,5592092400584674048,113.2989969,-33.0024451,19.703,2.458,3.158,2.7672,18.3181,18.56,,,2.636,M2.9,,,1.066,,,-8.644,4.658,-7.595,0.402,3.251,0.562,2
Gaia,DR3,5604937273387671296,110.676645,-31.2308022,16.913,2.575,0.25,2.7251,21.7702,19.4,,,2.557,M3.2,,,1.028,,,-7.879,4.4,-7.894,0.053,4.534,0.058,2
Gaia,DR3,5592893905908057728,110.970688,-31.7264971,10.161,0.186,0.474,2.2965,16.0079,19.26,18.57,4.79,2.674,A4.6,,,0.894,,Gaia_DR3,-8.3,4.673,-8.036,0.014,4.713,0.017,2
Gaia,DR3,5589760783107827712,111.2357631,-35.7237067,12.088,0.648,4.952,2.0024,16.0577,18.58,36.52,1.92,2.703,F6.2,,,14.369,,Gaia_DR3,-8.443,5.455,-7.553,0.397,8.132,0.426,2
Gaia,DR3,5592071681672049152,113.1953467,-33.2256591,16.637,2.508,0.17,2.6147,23.5671,18.55,,,2.756,M3.1,,,0.93,,,-9.014,4.92,-9.013,0.043,5.019,0.05,2
Gaia,DR3,5604973312449611776,109.956648,-31.1922644,17.649,2.856,0.234,2.736,20.2289,19.56,,,2.578,M3.8,,,0.936,,,-7.801,4.48,-7.855,0.075,4.595,0.09,2
Gaia,DR3,5592829275242383616,111.4888916,-32.0143202,18.929,,0.6,2.2054,17.0987,19.11,,,2.578,,,,0.984,,,-8.103,4.519,-7.882,0.163,4.759,0.19,2
Gaia,DR3,5592516709001550720,111.6850327,-33.0183781,18.181,2.941,0.202,1.5535,19.393,18.92,,,2.528,M4.0,,,0.995,,,-7.983,4.595,-7.993,0.109,4.487,0.12,2
Gaia,DR3,5592885114120427776,111.3219571,-31.7291635,17.842,3.392,0.504,2.3971,17.3101,19.18,,,2.591,M5.1,,,1.143,,,-8.113,4.503,-7.86,0.1,4.394,0.118,2
Gaia,DR3,5593263341813388032,111.4878806,-31.5568397,10.7,0.385,1.339,2.6121,19.3791,19.17,21.74,1.52,2.58,F0.0,,,0.889,,Gaia_DR3,-8.108,4.439,-8.836,0.011,4.435,0.013,2
Gaia,DR3,5604919509402857728,110.8693109,-31.4006734,18.637,,0.303,2.5894,17.332,19.33,,,2.658,,,,0.98,,,-8.228,4.591,-8.318,0.17,4.447,0.177,2
Gaia,DR3,5592907688468478976,111.1097101,-31.4052931,13.471,1.092,0.185,2.6383,17.4601,19.28,14.23,3.49,2.638,K2.0,,,0.964,,Gaia_DR3,-8.215,4.539,-8.197,0.011,4.641,0.013,2
Gaia,DR3,5592848070018543872,110.9278392,-32.1395405,18.496,2.952,0.841,1.8925,17.4725,19.21,,,2.726,M4.0,,,1.078,,,-8.451,4.846,-7.978,0.159,4.945,0.174,2
Gaia,DR3,5590079400960902400,111.0089203,-34.5575018,19.685,2.886,1.655,0.9402,17.5557,18.82,,,2.756,M3.9,,,1.032,,,-8.563,5.361,-9.473,0.347,5.052,0.301,2
Gaia,DR3,5604999185333256960,110.067407,-31.0568183,18.301,3.151,0.413,2.8668,19.1603,19.55,,,2.621,M4.5,,,1.001,,,-7.954,4.522,-7.754,0.11,4.633,0.144,2
Gaia,DR3,5590138392331012224,108.7471338,-36.5230624,17.193,3.148,1.401,2.8487,18.9725,18.95,,,2.625,M4.5,,,3.769,,,-7.695,5.646,-8.215,0.23,6.221,0.28,2
Gaia,DR3,5604927510917553280,110.6589024,-31.3291734,19.037,3.055,0.446,2.6256,18.9406,19.39,,,2.588,M4.2,,,1.073,,,-7.97,4.472,-7.877,0.206,4.697,0.219,2
Gaia,DR3,5592834467864569472,111.2800518,-31.920295,17.659,2.827,0.072,2.2081,18.9397,19.17,,,2.557,M3.7,,,0.988,,,-7.997,4.482,-7.958,0.078,4.478,0.089,2
Gaia,DR3,5592402119274033536,111.1739273,-33.5660149,14.557,1.503,0.639,0.9073,17.9875,18.94,18.44,5.08,2.76,K5.2,,,1.004,,Gaia_DR3,-8.61,5.165,-8.241,0.016,5.213,0.019,2
Gaia,DR3,5589737242382973312,112.0747443,-35.53218,19.102,3.421,0.901,2.2452,18.7134,18.44,,,2.562,M5.1,,,0.963,,,-8.165,5.068,-7.69,0.173,4.962,0.237,2
Gaia,DR3,5593217235349990144,111.7396096,-31.6354328,15.289,1.819,0.229,2.6401,18.6616,19.11,25.01,14.59,2.686,K7.8,,,0.927,,Gaia_DR3,-8.493,4.617,-8.389,0.022,4.695,0.029,2
Gaia,DR3,5592452696810936064,111.1810535,-33.3919858,17.899,,1.388,0.9944,18.6487,18.97,,,2.764,,,,1.277,,,-8.623,5.138,-8.228,0.487,5.843,0.399,2
Gaia,DR3,5605293583865331456,111.1052706,-31.2960251,17.829,2.913,0.276,2.7418,18.2363,19.29,,,2.627,M3.9,,,1.018,,,-8.18,4.5,-8.034,0.084,4.548,0.101,2
Gaia,DR3,5602636403564501120,107.4320659,-34.7367987,19.917,2.581,2.906,2.4034,19.5577,19.51,,,2.562,M3.2,,,1.069,,,-7.245,5.285,-8.33,0.409,6.418,0.447,2
Gaia,DR3,5592836009752232832,111.5072122,-31.8100325,18.258,,0.522,2.3921,19.5632,19.13,,,2.561,,,,1.078,,,-8.054,4.452,-8.336,0.122,4.438,0.13,2
Gaia,DR3,5592887965967383040,111.1811469,-31.6703357,17.679,,1.048,2.4069,16.9841,19.22,,,2.598,,,,0.95,,,-8.107,4.515,-7.977,0.13,5.075,0.336,2
Gaia,DR3,5591440527638385536,113.0362547,-34.2900861,12.848,0.881,0.808,2.4012,16.2626,18.42,19.86,3.2,2.615,G7.1,,,1.012,,Gaia_DR3,-8.523,4.872,-8.08,0.013,4.913,0.015,2
Gaia,DR3,5602578683501767936,106.6300672,-34.7367444,8.472,0.04,2.738,3.0348,20.1563,19.67,18.62,3.61,2.628,A1.4,,,1.761,,Gaia_DR3,-7.263,5.48,-7.183,0.037,6.995,0.041,2
Gaia,DR3,5604733417057780480,109.7062398,-32.6077197,16.88,2.904,0.159,1.3707,16.1064,19.4,,,2.548,M3.9,,,1.005,,,-7.66,4.704,-7.611,0.05,4.774,0.064,2
Gaia,DR3,5592851785173579392,110.7778554,-32.1175466,17.185,2.88,0.299,1.8753,16.1403,19.25,,,2.568,M3.9,,,1.013,,,-7.933,4.573,-7.788,0.058,4.501,0.078,2
Gaia,DR3,5592853434440934016,110.9508252,-32.0322776,16.916,2.867,0.335,2.0002,16.1548,19.22,,,2.575,M3.8,,,1.06,,,-7.989,4.558,-7.996,0.065,4.74,0.079,2
Gaia,DR3,5592649578109621248,110.1222963,-33.1560321,13.836,1.47,0.191,0.7673,20.1131,19.23,11.32,3.2,2.779,K5.1,,,1.064,,Gaia_DR3,-8.446,5.207,-8.432,0.013,5.318,0.014,2
Gaia,DR3,5605165593843370624,109.7881648,-31.0549536,17.954,,0.736,2.8854,20.0627,19.61,,,2.684,,,,1.23,,,-8.085,4.649,-7.75,0.209,4.897,0.272,2
Gaia,DR3,5591858513848400768,113.4779015,-33.6436283,20.19,2.465,1.179,2.763,20.0061,18.42,,,2.697,M2.9,,,1.104,,,-8.88,4.869,-8.307,0.443,5.217,0.519,2
Gaia,DR3,5604923937503979776,110.6346026,-31.4903019,18.538,3.231,1.145,2.4632,16.3333,19.37,,,2.632,M4.7,,,1.077,,,-8.101,4.58,-7.694,0.141,5.068,0.163,2
Gaia,DR3,5605067565507481856,109.1775647,-31.3947839,18.574,,0.878,2.6621,19.6428,19.69,,,2.58,,,,0.986,,,-7.651,4.576,-7.813,0.189,5.026,0.164,2
Gaia,DR3,5593208507967732096,111.6213984,-31.811246,18.963,3.205,0.821,2.4375,16.3973,19.11,,,2.619,M4.6,,,1.013,,,-8.257,4.543,-8.596,0.175,4.243,0.206,2
Gaia,DR3,5604950604968762624,110.260698,-31.4588488,17.271,2.771,1.68,2.4647,16.4628,19.45,,,2.624,M3.6,,,1.921,,,-8.0,4.587,-7.51,0.186,3.798,0.268,2
Gaia,DR3,5604947095973298304,109.9654267,-31.5158251,19.969,3.222,1.473,2.4127,19.8584,19.51,,,2.724,M4.7,,,1.039,,,-8.243,4.796,-7.465,0.382,4.464,0.481,2
Gaia,DR3,5604924418545177728,110.5213641,-31.4972495,18.419,3.027,0.399,2.443,19.7121,19.39,,,2.563,M4.2,,,1.04,,,-7.866,4.469,-8.081,0.121,4.452,0.14,2
Gaia,DR3,5592882983816745984,111.2212642,-31.8018884,16.549,2.361,0.245,2.2968,16.6252,19.2,,,2.593,M2.6,,,0.984,,,-8.096,4.526,-8.209,0.042,4.598,0.044,2
Gaia,DR3,5592898132159795328,110.9036824,-31.6386308,18.198,3.045,0.48,2.3654,16.7452,19.29,,,2.598,M4.2,,,1.043,,,-8.05,4.529,-7.908,0.126,4.75,0.134,2
Gaia,DR3,5592564812631746304,111.6103714,-32.9572555,19.841,2.701,2.121,1.5411,19.6448,18.94,,,2.76,M3.5,,,0.992,,,-8.7,5.01,-7.795,0.335,4.171,0.383,2
Gaia,DR3,5592859374373281792,110.6528893,-32.0073658,19.603,2.673,0.694,1.9573,13.0379,19.29,,,2.648,M3.4,,,1.015,,,-8.156,4.705,-8.392,0.288,4.399,0.311,2
Gaia,DR3,5590731441413656704,109.3133622,-35.1414596,19.813,2.673,1.286,1.4088,21.8126,19.08,,,2.782,M3.4,,,1.215,,,-8.279,5.668,-8.387,0.388,6.414,0.489,2
Gaia,DR3,5592714277498549376,109.8646119,-32.970036,18.695,3.449,1.078,0.9859,8.933,19.31,,,2.68,M5.2,,,1.042,,,-8.09,5.005,-8.498,0.152,5.458,0.194,2
Gaia,DR3,5590982954701338112,109.4668279,-34.3084115,18.535,2.875,0.687,0.6988,9.946,19.18,,,2.699,M3.8,,,1.016,,,-8.065,5.329,-7.948,0.128,5.701,0.143,2
Gaia,DR3,5590709451182280064,109.9251859,-35.0630788,19.388,3.103,1.159,1.1585,7.7733,18.96,,,2.628,M4.4,,,0.994,,,-7.946,5.291,-7.377,0.231,5.589,0.227,2
Gaia,DR3,5591637370276050432,111.739422,-33.7077003,11.271,0.589,0.905,1.3211,8.8078,18.8,19.75,1.9,2.63,F5.0,,,0.907,,Gaia_DR3,-8.316,4.902,-8.818,0.013,4.892,0.015,2
Gaia,DR3,5603232854261298304,109.560419,-32.7166358,18.705,3.33,0.161,1.309,8.8749,19.42,,,2.651,M4.9,,,1.011,,,-7.939,4.925,-7.891,0.137,4.849,0.177,2
Gaia,DR3,5603079820284081792,108.6861467,-33.6592551,20.163,2.703,3.148,1.2613,12.2076,19.45,,,2.577,M3.5,,,0.982,,,-7.542,5.025,-6.531,0.422,6.405,0.554,2
Gaia,DR3,5604749806656139520,109.5726034,-32.499792,14.449,0.886,2.578,1.5079,12.1518,19.45,44.66,3.48,2.687,G7.5,,,21.422,,Gaia_DR3,-8.049,4.95,-8.326,0.373,3.516,0.448,2
Gaia,DR3,5592483238314279936,111.0092851,-32.9206135,17.939,3.13,0.47,1.2221,9.3767,19.08,,,2.605,M4.4,,,1.175,,,-8.092,4.769,-7.894,0.108,4.934,0.129,2
Gaia,DR3,5592750733181682688,110.2081843,-32.5351855,17.069,2.675,0.229,1.3875,9.3979,19.31,,,2.651,M3.4,,,0.97,,,-8.074,4.843,-7.997,0.058,4.946,0.063,2
Gaia,DR3,5586507328199028352,111.5453842,-37.3478372,12.981,1.072,0.644,3.603,23.8801,18.24,15.02,3.81,2.652,K1.9,,,2.223,,Gaia_DR3,-8.347,5.618,-8.698,0.03,5.537,0.037,2
Gaia,DR3,5592710429207594496,110.178005,-32.8297929,17.007,2.906,0.215,1.0926,11.7075,19.27,,,2.703,M3.9,,,1.803,,,-8.224,4.996,-8.342,0.085,4.963,0.094,2
Gaia,DR3,5590965710406881280,109.0006294,-34.4555974,19.651,2.85,1.541,1.1048,9.5191,19.25,,,2.68,M3.8,,,1.022,,,-7.91,5.355,-8.733,0.312,5.071,0.406,2
Gaia,DR3,5589124578185453824,110.5384304,-37.4452542,19.205,,2.307,3.5356,23.9276,18.43,,,2.677,,,,1.512,,,-8.221,5.778,-7.082,0.456,5.147,0.504,2
Gaia,DR3,5592580068360820992,111.1764508,-32.7352699,17.923,3.213,0.56,1.4545,9.7503,19.07,,,2.648,M4.6,,,1.156,,,-8.261,4.801,-8.532,0.109,4.956,0.114,2
Gaia,DR3,5586133008914132352,111.2745468,-37.4849366,19.66,2.845,2.493,3.6736,24.5129,18.27,,,2.665,M3.8,,,2.05,,,-8.332,5.693,-9.688,0.525,6.042,0.57,2
Gaia,DR3,5592510043212409600,111.5943037,-33.1175025,17.11,2.765,0.159,1.4342,9.9858,18.92,,,2.616,M3.6,,,1.025,,,-8.243,4.78,-8.324,0.056,4.745,0.06,2
Gaia,DR3,5587926243658122752,113.5637981,-36.4220551,19.936,2.678,2.699,3.7335,24.7747,17.97,,,2.656,M3.5,,,1.072,,,-8.76,5.281,-7.767,0.518,4.143,0.501,2
Gaia,DR3,5605060620544711808,109.4542379,-31.3657915,17.731,2.931,0.45,2.6267,24.3862,19.64,,,2.764,M4.0,,,1.033,,,-8.256,4.876,-8.101,0.092,5.087,0.103,2
Gaia,DR3,5590907809954509440,110.2713959,-34.0754555,18.729,3.219,0.357,0.1745,10.0469,19.05,,,2.569,M4.7,,,1.089,,,-7.836,4.968,-8.01,0.173,5.052,0.198,2
Gaia,DR3,5590181449381287296,107.7646261,-36.5464359,11.393,0.643,2.508,3.278,24.0166,19.13,19.04,1.08,2.571,F6.1,,,1.031,,Gaia_DR3,-7.338,5.61,-5.979,0.016,5.615,0.021,2
Gaia,DR3,5592785951913278976,110.8870032,-32.5374571,16.416,2.331,0.148,1.509,10.0849,19.16,,,2.647,M2.4,,,0.998,,,-8.199,4.785,-8.28,0.034,4.766,0.043,2
Gaia,DR3,5592696376073633536,110.7678014,-32.4789346,17.584,2.769,0.198,1.5275,11.2004,19.2,,,2.671,M3.6,,,0.948,,,-8.25,4.827,-8.184,0.068,4.916,0.089,2
Gaia,DR3,5591628269248524160,111.528661,-33.9178612,17.497,2.919,0.145,1.1271,11.1627,18.81,,,2.696,M3.9,,,1.045,,,-8.482,5.082,-8.4,0.106,5.078,0.111,2
Gaia,DR3,5604295089867491328,106.6701011,-31.7451315,19.391,2.38,0.852,3.6589,24.3326,20.15,,,2.625,M2.6,,,1.091,,,-7.262,4.895,-7.323,0.271,5.362,0.325,2
Gaia,DR3,5592610682881895040,111.6078276,-32.4842741,19.887,2.817,1.265,1.8747,23.5915,19.01,,,2.785,M3.7,,,1.078,,,-8.78,4.965,-8.511,0.343,4.273,0.424,2
Gaia,DR3,5592788009198903168,110.9411975,-32.4656764,19.618,2.848,0.555,1.5931,10.8967,19.16,,,2.619,M3.8,,,1.094,,,-8.121,4.716,-8.218,0.26,5.006,0.33,2
Gaia,DR3,5588379070644636800,114.0764646,-34.6788157,12.774,0.917,0.19,3.314,24.0659,18.13,11.56,2.89,2.574,G8.4,,,1.43,,Gaia_DR3,-8.586,4.775,-8.689,0.016,4.781,0.021,2
Gaia,DR3,5591533195850163456,111.6715992,-34.3605008,17.766,2.883,0.303,1.3174,10.263,18.71,,,2.6,M3.9,,,1.037,,,-8.209,4.969,-8.16,0.086,4.81,0.104,2
Gaia,DR3,5588345471124997248,113.8633719,-34.9558324,18.243,3.019,0.336,3.216,24.1521,18.13,,,2.563,M4.2,,,1.012,,,-8.512,4.821,-8.558,0.121,4.646,0.129,2
Gaia,DR3,5592752245010280320,110.3553744,-32.4706854,13.572,1.038,0.184,1.4599,10.5768,19.28,15.41,2.43,2.608,K1.6,,,0.953,,Gaia_DR3,-7.971,4.741,-8.065,0.012,4.778,0.013,2
Gaia,DR3,5592839686245415296,110.8134914,-32.3275061,19.577,2.824,1.156,1.6833,12.3874,19.21,,,2.601,M3.7,,,0.995,,,-8.04,4.667,-8.046,0.25,5.301,0.326,2
Gaia,DR3,5592485402986867712,111.0727018,-32.8262604,18.784,3.338,0.434,1.3301,24.1987,19.08,,,2.804,M4.9,,,0.977,,,-8.724,5.11,-8.522,0.16,5.267,0.182,2
Gaia,DR3,5592540245416913664,111.9918677,-32.8250356,17.897,2.784,0.126,1.8755,12.4192,18.88,,,2.635,M3.7,,,1.022,,,-8.383,4.73,-8.449,0.082,4.706,0.099,2
Gaia,DR3,5593358625663479808,112.5921216,-30.9342538,20.038,2.384,2.278,3.62,24.8679,19.01,,,2.596,M2.7,,,0.993,,,-8.375,4.271,-9.074,0.402,3.238,0.448,2
Gaia,DR3,5590914303941225728,110.6942532,-33.8493325,16.978,2.609,0.247,0.441,5.2747,19.0,,,2.668,M3.3,,,0.993,,,-8.223,5.082,-8.324,0.052,4.987,0.057,2
Gaia,DR3,5566390968395241728,106.7471065,-36.4345308,19.877,2.891,2.301,3.7599,24.9431,19.34,,,2.629,M3.9,,,1.069,,,-7.291,5.794,-7.14,0.42,7.061,0.437,2
Gaia,DR3,5604778011699119232,110.3158884,-32.0266528,9.325,-0.009,0.19,1.8996,12.9689,19.36,13.51,3.91,2.66,A0.7,,,1.086,,Gaia_DR3,-8.123,4.756,-8.106,0.022,4.65,0.024,2
Gaia,DR3,5590592043957819648,107.8219141,-35.0806163,19.851,2.832,0.617,2.2554,23.6522,19.38,,,2.773,M3.8,,,1.094,,,-7.927,5.758,-7.607,0.382,5.926,0.398,2
Gaia,DR3,5592861749497777664,110.5850428,-32.0637029,16.244,2.251,0.131,1.8909,12.7616,19.3,,,2.621,M2.0,,,0.996,,,-8.057,4.672,-8.026,0.034,4.737,0.039,2
Gaia,DR3,5604791862973284480,110.0902255,-32.0321736,16.28,2.306,0.225,1.8914,12.6923,19.41,,,2.653,M2.3,,,0.99,,,-8.054,4.76,-7.988,0.039,4.867,0.042,2
Gaia,DR3,5593432529168887808,111.9888635,-30.5298235,17.739,2.888,0.498,3.7248,24.7935,19.2,,,2.662,M3.9,,,0.982,,,-8.466,4.349,-8.667,0.094,4.544,0.09,2
Gaia,DR3,5590866784426915072,110.7585569,-33.8983506,19.538,3.036,0.603,0.4887,3.2873,18.98,,,2.633,M4.2,,,1.037,,,-8.128,5.02,-8.381,0.265,4.8,0.282,2
Gaia,DR3,5591629162601727872,111.4882011,-33.886709,17.583,3.18,0.308,1.0943,23.6195,18.82,,,2.803,M4.6,,,1.005,,,-8.811,5.281,-8.634,0.087,5.24,0.102,2
Gaia,DR3,5592541894690663168,112.0470398,-32.7840105,15.424,2.077,0.286,1.9372,12.8385,18.87,26.96,7.18,2.643,M0.9,,,1.032,,Gaia_DR3,-8.418,4.731,-8.486,0.024,4.876,0.029,2
Gaia,DR3,5592674523280213504,110.9856586,-32.7495535,18.589,3.068,0.385,1.3562,12.8799,19.11,,,2.575,M4.3,,,1.06,,,-7.994,4.684,-7.803,0.156,4.769,0.191,2
Gaia,DR3,5592609716515072512,111.6694952,-32.5059392,18.899,3.327,1.122,1.8918,12.9869,18.99,,,2.614,M4.9,,,1.012,,,-8.253,4.659,-8.695,0.162,4.227,0.208,2
Gaia,DR3,5604851266662362112,109.9113757,-31.675806,18.694,3.511,0.882,2.257,24.3669,19.5,,,2.511,M5.3,,,0.938,,,-7.589,4.454,-8.055,0.149,4.491,0.187,1
Gaia,DR3,5604862678395364096,109.7420088,-31.6362187,11.636,0.643,0.84,2.3143,19.8988,19.54,19.68,0.99,2.73,F6.1,,,0.903,,Gaia_DR3,-8.216,4.848,-7.825,0.011,5.132,0.014,1
Gaia,DR3,5590977633239816064,109.3053652,-34.4292405,10.994,0.545,0.729,0.877,24.5056,19.2,18.88,1.01,2.813,F4.0,,,0.867,,Gaia_DR3,-8.371,5.591,-8.752,0.012,5.386,0.015,1
Gaia,DR3,5592073124780905088,113.4237642,-33.2252233,13.795,1.21,0.517,2.7987,19.8922,18.5,26.68,2.72,2.691,K3.0,,,1.021,,Gaia_DR3,-8.849,4.786,-9.139,0.013,4.835,0.013,1
Gaia,DR3,5590907225837632512,110.3479764,-34.0850064,18.554,1.336,3.652,0.2194,18.8436,19.04,,,2.512,K4.1,,,2.67,,,-7.677,4.854,-6.962,0.336,3.057,0.369,1
Gaia,DR3,5604925797235181184,110.621836,-31.4214533,16.88,2.784,0.501,2.5296,19.8917,19.38,,,2.566,M3.7,,,1.024,,,-7.897,4.455,-7.786,0.051,4.702,0.054,1
Gaia,DR3,5604987610405962496,110.7064246,-31.0662144,16.051,2.269,1.176,2.8917,19.7808,19.41,,,2.605,M2.1,,,1.006,,,-8.034,4.45,-8.679,0.032,4.422,0.034,1
Gaia,DR3,5592519663939249920,111.7527347,-32.9159137,17.851,2.982,0.823,1.6604,19.7689,18.92,,,2.528,M4.1,,,1.037,,,-7.997,4.572,-8.35,0.088,4.832,0.1,1
Gaia,DR3,5590352148560771328,109.2896016,-35.2714727,13.074,0.918,3.243,1.5316,18.8157,19.06,18.52,3.3,2.532,G8.4,,,0.977,,Gaia_DR3,-7.529,5.182,-6.317,0.01,6.418,0.012,1
Gaia,DR3,5591371975655381248,113.4354799,-34.5899089,9.37,0.081,3.222,2.7799,19.2026,18.29,19.74,3.13,2.602,A2.5,,,3.329,,Gaia_DR3,-8.557,4.866,-9.557,0.064,6.324,0.065,1
Gaia,DR3,5591234918961312128,112.739507,-35.2482034,18.639,3.241,4.128,2.4962,18.6749,18.34,,,2.58,M4.7,,,2.71,,,-8.351,4.998,-10.233,0.472,6.223,0.514,1
Gaia,DR3,5592514475618427136,111.8753639,-33.0280446,16.271,2.242,0.253,1.6799,20.0357,18.87,,,2.527,M1.9,,,0.943,,,-8.015,4.579,-8.138,0.036,4.522,0.039,1
Gaia,DR3,5591801373604914944,113.7451562,-33.9004862,19.163,1.547,3.774,2.9666,24.9525,18.32,,,2.752,K5.4,,,2.154,,,-9.114,4.992,-7.098,0.403,4.138,0.474,1
Gaia,DR3,5590360631118410240,108.8570746,-35.3015693,19.327,3.107,2.239,1.7523,20.1464,19.14,,,2.758,M4.4,,,1.072,,,-8.108,5.686,-7.04,0.261,6.43,0.297,1
Gaia,DR3,5588400408048886144,113.8510039,-34.4284188,18.777,3.496,1.342,3.0866,24.3181,18.22,,,2.551,M5.3,,,0.961,,,-8.47,4.71,-9.11,0.159,4.376,0.183,1
Gaia,DR3,5603565250372784128,107.8907579,-31.8903805,18.082,2.519,2.283,2.7912,18.4844,19.88,,,2.645,M3.1,,,1.035,,,-7.575,4.877,-6.314,0.098,4.71,0.112,1
Gaia,DR3,5590244632641685888,109.156339,-36.0903489,20.124,2.254,3.772,2.3216,18.3592,18.94,,,2.711,M2.0,,,1.029,,,-8.033,5.715,-9.776,0.418,6.983,0.497,1
Gaia,DR3,5590746937656475136,109.3151666,-34.9434919,18.989,3.058,2.976,1.2411,18.3358,19.11,,,2.756,M4.3,,,0.966,,,-8.203,5.577,-6.487,0.186,5.786,0.23,1
Gaia,DR3,5604409125547294208,107.1523766,-31.2369373,19.114,3.292,1.941,3.6981,24.9761,20.13,,,2.607,M4.8,,,1.043,,,-7.315,4.732,-7.633,0.183,5.751,0.205,1
Gaia,DR3,5603239588769729792,109.144699,-32.7872213,18.992,2.824,2.839,1.4221,24.2864,19.49,,,2.803,M3.7,,,1.039,,,-8.304,5.255,-6.754,0.201,5.896,0.236,1
Gaia,DR3,5587945523770325504,113.5810673,-36.1364233,10.76,0.417,0.864,3.5636,24.235,18.01,18.69,1.12,2.603,F0.6,,,0.84,,Gaia_DR3,-8.589,5.125,-8.476,0.011,4.665,0.013,1
Gaia,DR3,5602578683497310208,106.6299862,-34.7373341,13.198,,1.762,3.035,20.1908,19.67,,,2.655,,,,2.127,,,-7.338,5.537,-6.357,0.057,5.64,0.044,1
Gaia,DR3,5592844221727463808,110.7551755,-32.2188626,18.064,2.98,0.898,1.7725,19.7326,19.24,,,2.532,M4.1,,,1.039,,,-7.816,4.529,-7.973,0.113,4.982,0.147,1
Gaia,DR3,5586477297787400192,112.1503162,-37.255569,14.665,1.577,0.63,3.7015,24.5407,18.13,6.74,4.25,2.631,K5.5,,,0.971,,Gaia_DR3,-8.4,5.503,-8.222,0.018,5.202,0.019,1
Gaia,DR3,5592828523629838208,111.2795618,-31.9336239,17.136,2.686,0.486,2.1958,18.8525,19.16,,,2.557,M3.5,,,1.06,,,-7.998,4.484,-8.258,0.064,4.453,0.068,1
Gaia,DR3,5589708728102351872,112.2333579,-35.8884055,12.031,0.771,3.094,2.5936,20.1939,18.34,18.22,0.78,2.567,F9.7,,,0.903,,Gaia_DR3,-8.213,5.127,-6.694,0.01,4.424,0.012,1
Gaia,DR3,5588764415112413184,114.2845243,-34.2848537,18.854,3.073,1.227,3.4256,24.7878,18.14,,,2.713,M4.3,,,1.017,,,-9.093,4.944,-8.779,0.182,4.316,0.198,1
Gaia,DR3,5591482927556292608,113.0278025,-34.0158445,13.908,1.115,4.854,2.3715,19.0817,18.47,32.95,2.38,2.717,K2.1,,,1.096,,Gaia_DR3,-8.853,5.011,-7.859,0.013,7.607,0.016,1
Gaia,DR3,5604754548296995584,109.5397185,-32.3762979,13.555,1.079,4.095,1.6337,19.2259,19.47,16.38,2.23,2.753,K1.9,,,0.979,,Gaia_DR3,-8.241,5.05,-9.709,0.012,6.92,0.015,1
Gaia,DR3,5590627090890157056,108.2171048,-34.7139687,18.463,3.2,2.741,1.797,19.0757,19.37,,,2.746,M4.6,,,1.075,,,-7.935,5.599,-9.507,0.134,5.813,0.135,1
Gaia,DR3,5578540404380300416,105.9375147,-35.2970886,10.452,0.541,1.818,3.7449,24.7742,19.7,10.59,1.82,2.64,F3.8,,,1.946,,Gaia_DR3,-7.149,5.663,-7.863,0.027,6.379,0.031,1
Gaia,DR3,5590670315438423168,109.7481114,-35.3468366,18.629,3.144,1.648,1.4663,19.2271,18.95,,,2.527,M4.5,,,0.957,,,-7.605,5.151,-7.496,0.128,6.022,0.146,1
Gaia,DR3,5589636572651211008,111.120881,-36.3194468,12.54,0.851,2.929,2.52,19.2442,18.51,12.05,1.16,2.574,G5.1,,,1.605,,Gaia_DR3,-8.018,5.309,-7.63,0.018,3.768,0.019,1
Gaia,DR3,5578761711158702080,105.8480861,-34.719811,19.751,2.67,2.099,3.6574,24.7663,19.81,,,2.606,M3.4,,,1.086,,,-7.037,5.486,-8.188,0.332,5.437,0.403,1
Gaia,DR3,5592765022532669440,110.4253798,-32.2133031,18.456,3.178,0.866,1.7223,19.2802,19.31,,,2.751,M4.6,,,0.935,,,-8.422,4.945,-7.953,0.111,4.766,0.132,1
Gaia,DR3,5592857725105309440,110.6569238,-32.0918536,19.532,3.044,2.459,1.8754,24.7171,19.28,,,2.497,M4.2,,,1.024,,,-7.691,4.451,-8.983,0.27,4.375,0.315,1
Gaia,DR3,5590975704796906368,109.4612743,-34.4112512,19.766,2.699,3.325,0.7637,19.0155,19.17,,,2.771,M3.5,,,1.09,,,-8.277,5.49,-10.182,0.352,5.111,0.426,1
Gaia,DR3,5591614009957053056,111.7109199,-33.9597998,17.436,2.657,1.199,1.2786,19.4457,18.77,,,2.765,M3.4,,,1.884,,,-8.737,5.204,-9.005,0.143,4.558,0.162,1
Gaia,DR3,5592191872039603200,112.9801966,-32.4325676,16.022,2.095,0.451,2.7837,19.4972,18.71,,,2.596,M1.0,,,1.047,,,-8.45,4.511,-8.682,0.032,4.425,0.035,1
Gaia,DR3,5592410120796026880,111.4878953,-33.3150743,19.334,2.656,1.531,1.254,19.5349,18.91,,,2.52,M3.4,,,1.04,,,-7.92,4.647,-8.708,0.233,4.846,0.26,1
Gaia,DR3,5592671460965972864,110.8577317,-32.9125731,18.788,2.701,3.768,1.1613,19.6857,19.11,,,2.517,M3.5,,,1.028,,,-7.79,4.618,-8.185,0.147,2.658,0.197,1
Gaia,DR3,5586590135169192064,112.6899582,-36.762265,14.769,1.42,2.865,3.5053,24.6908,18.1,6.28,4.97,2.584,K4.8,,,1.031,,Gaia_DR3,-8.354,5.272,-6.822,0.018,5.564,0.023,1
Gaia,DR3,5591432311357145216,112.9243998,-34.4809327,18.702,3.254,1.107,2.3451,18.9881,18.42,,,2.717,M4.7,,,0.962,,,-8.834,5.107,-9.463,0.151,5.028,0.179,1
Gaia,DR3,5591855215314826752,113.6948582,-33.6906696,18.935,3.306,1.107,2.9375,19.6048,18.37,,,2.658,M4.9,,,1.015,,,-8.793,4.788,-9.413,0.17,4.808,0.201,1
Gaia,DR3,5605109553106678912,108.5825678,-31.2749192,18.881,3.018,3.244,2.9661,19.6258,19.84,,,2.64,M4.2,,,0.978,,,-7.705,4.701,-7.93,0.139,6.492,0.173,1
Gaia,DR3,5604898824839628672,110.3874544,-31.6090482,16.343,2.298,0.647,2.3205,19.6296,19.41,,,2.556,M2.3,,,0.919,,,-7.82,4.488,-7.766,0.037,4.833,0.041,1
Gaia,DR3,5578534249687945472,106.2819486,-35.2077796,11.845,0.747,4.098,3.4501,24.6345,19.65,18.52,3.67,2.708,F9.4,,,0.922,,Gaia_DR3,-7.407,5.764,-5.621,0.012,7.275,0.013,1
Gaia,DR3,5589786239370323584,112.0132985,-35.3770779,18.479,3.037,2.988,2.101,24.9176,18.47,,,2.502,M4.2,,,1.019,,,-7.963,4.928,-6.388,0.135,4.995,0.169,1
Gaia,DR3,5591651457769449856,112.6341888,-33.952293,19.813,2.59,3.666,2.0442,18.8731,18.56,,,2.733,M3.3,,,1.052,,,-8.826,5.064,-10.908,0.385,5.423,0.458,1
Gaia,DR3,5566139390687466752,107.566513,-36.936091,15.997,2.008,1.621,3.6853,24.617,19.1,,,2.618,M0.7,,,1.271,,,-7.432,5.801,-7.336,0.042,6.691,0.049,1
Gaia,DR3,5605124564022442752,108.9382409,-31.1457165,18.789,2.968,4.688,2.9645,19.6626,19.78,,,2.631,M4.0,,,1.036,,,-7.751,4.635,-7.915,0.152,2.04,0.175,1
Gaia,DR3,5589713091789522432,112.1366797,-35.8084523,18.806,2.702,1.357,2.4819,19.6761,18.38,,,2.566,M3.5,,,1.131,,,-8.19,5.118,-7.545,0.196,4.767,0.238,1
Gaia,DR3,5592890474239959936,110.9011667,-31.8803296,15.843,2.053,0.692,2.1322,19.2113,19.25,,,2.551,M0.8,,,1.138,,,-7.903,4.491,-7.854,0.03,4.86,0.037,1
Gaia,DR3,5590862729973640320,110.6693581,-34.1104651,17.66,2.889,1.115,0.4543,19.68,18.96,,,2.779,M3.9,,,0.911,,,-8.562,5.348,-7.91,0.075,5.386,0.08,1
Gaia,DR3,5591851916785725952,114.2737752,-33.1942948,10.934,0.584,4.43,3.4958,23.5494,18.31,18.44,0.48,2.673,F4.9,,,0.923,,Gaia_DR3,-8.956,4.675,-11.401,0.012,4.174,0.013,1
Gaia,DR3,5590149494824475904,108.4723992,-36.4119414,13.975,1.201,3.542,2.8503,20.5967,19.02,37.01,2.23,2.699,K2.9,,,0.974,,Gaia_DR3,-7.854,5.807,-9.591,0.014,4.785,0.017,1
Gaia,DR3,5592105521714883328,113.5287343,-32.9152185,9.85,0.126,1.885,2.9783,20.2612,18.52,13.4,1.72,2.608,A3.6,,,2.799,,Gaia_DR3,-8.595,4.574,-9.26,0.043,3.779,0.054,1
Gaia,DR3,5566448216015325952,106.8588656,-35.7794587,11.203,0.714,4.871,3.2912,22.0015,19.44,10.15,1.78,2.663,F8.8,,,0.835,,Gaia_DR3,-7.409,5.736,-6.457,0.012,8.3,0.014,1
Gaia,DR3,5593124189181564800,112.7787855,-31.5670265,17.034,2.597,0.459,3.2185,22.3044,18.88,,,2.595,M3.3,,,0.999,,,-8.409,4.37,-8.159,0.051,4.349,0.06,1
Gaia,DR3,5590240990507294208,109.0188569,-36.1717575,18.975,3.121,4.651,2.4389,22.2806,18.96,,,2.536,M4.4,,,1.029,,,-7.489,5.372,-5.118,0.177,6.121,0.254,1
Gaia,DR3,5591327789034851968,112.5402318,-34.8053614,19.823,2.832,2.744,2.1462,23.7246,18.45,,,2.778,M3.8,,,1.094,,,-8.951,5.316,-9.976,0.329,6.554,0.421,1
Gaia,DR3,5592746262114958080,110.432517,-32.4455844,19.24,3.22,4.938,1.4929,22.2507,19.27,,,2.506,M4.7,,,1.011,,,-7.674,4.545,-7.901,0.225,7.144,0.241,1
Gaia,DR3,5590861840922043904,110.8002867,-34.0369675,9.806,0.663,1.936,0.5347,22.2491,18.95,16.03,0.83,2.799,F6.7,,,0.846,,Gaia_DR3,-8.65,5.36,-7.551,0.01,5.672,0.012,1
Gaia,DR3,5605196277095317504,110.1873847,-30.8177455,15.766,2.043,0.67,3.1046,22.0261,19.56,,,2.586,M0.8,,,0.95,,,-7.871,4.408,-7.942,0.03,4.766,0.04,1
Gaia,DR3,5589235903740941824,110.118591,-36.8251121,10.97,0.465,3.123,2.9031,22.0109,18.62,17.5,0.97,2.567,F1.5,,,0.888,,Gaia_DR3,-7.8,5.466,-6.309,0.013,6.261,0.014,1
Gaia,DR3,5589500336283013376,109.6329224,-36.2260579,19.799,,4.238,2.3453,21.9743,18.83,,,2.535,,,,0.994,,,-7.606,5.331,-5.918,0.415,6.84,0.788,1
Gaia,DR3,5586484783909586816,112.2853629,-37.1213068,18.515,3.062,1.672,3.6324,24.1678,18.12,,,2.624,M4.3,,,0.985,,,-8.405,5.453,-8.515,0.133,4.535,0.141,1
Gaia,DR3,5588157244174365696,113.1731641,-35.7513961,11.817,0.701,0.664,3.0689,21.9659,18.16,16.79,3.79,2.583,F8.3,,,0.892,,Gaia_DR3,-8.446,5.055,-8.206,0.011,4.784,0.014,1
Gaia,DR3,5605234416405359232,109.5540807,-30.7244438,13.159,0.991,1.473,3.24,21.9346,19.71,19.66,4.26,2.674,K0.4,,,0.952,,Gaia_DR3,-8.006,4.585,-8.832,0.009,4.672,0.011,1
Gaia,DR3,5588379074949628416,114.0768813,-34.6788148,13.117,,0.634,3.3143,21.9294,18.13,54.85,6.37,2.639,,,,1.297,,Gaia_DR3,-8.805,4.896,-9.121,0.017,4.74,0.03,1
Gaia,DR3,5588283206974735488,113.7323343,-35.3366138,18.584,3.431,1.156,3.254,21.8573,18.1,,,2.667,M5.2,,,1.128,,,-8.832,5.096,-8.255,0.188,4.795,0.199,1
Gaia,DR3,5604175964660747136,107.0370773,-32.5634223,12.635,0.851,1.547,2.9517,21.8524,19.95,29.81,4.94,2.573,G5.1,,,0.874,,Gaia_DR3,-7.196,4.93,-6.463,0.009,5.339,0.011,1
Gaia,DR3,5593063681680333440,113.2808996,-31.689503,12.764,0.826,2.042,3.4378,23.7378,18.75,3.18,1.32,2.595,G2.3,,,0.968,,Gaia_DR3,-8.504,4.352,-8.631,0.01,3.243,0.011,1
Gaia,DR3,5592948198591206784,112.7960523,-32.2772018,11.678,0.639,1.044,2.7465,23.7455,18.78,16.82,1.59,2.537,F6.0,,,0.997,,Gaia_DR3,-8.224,4.396,-7.805,0.012,4.764,0.013,1
Gaia,DR3,5589300637486478592,109.4415624,-37.0784525,19.996,3.06,3.147,3.2114,22.3445,18.71,,,2.593,M4.3,,,1.111,,,-7.743,5.622,-6.423,0.408,6.726,0.464,1
Gaia,DR3,5590019168338598912,111.3691416,-34.7762754,17.921,2.909,1.208,1.3072,23.7149,18.71,,,2.8,M3.9,,,1.004,,,-8.776,5.458,-8.944,0.093,4.764,0.101,1
Gaia,DR3,5586616175549295360,112.7354689,-36.5647079,17.884,2.98,1.182,3.3717,23.6925,18.12,,,2.698,M4.1,,,1.039,,,-8.733,5.466,-9.377,0.091,5.273,0.109,1
Gaia,DR3,5592092400594123136,113.2996611,-33.0025816,15.04,1.634,0.807,2.7677,22.5865,18.56,-22.79,7.43,2.551,K5.6,,,0.992,,Gaia_DR3,-8.363,4.507,-7.967,0.02,4.684,0.024,1
Gaia,DR3,5590260300680568960,109.0029024,-36.0138645,18.385,2.813,0.795,2.2999,23.4611,18.99,,,2.769,M3.7,,,0.998,,,-8.174,5.836,-8.624,0.123,5.949,0.147,1
Gaia,DR3,5604924869522324608,110.5233386,-31.451256,13.936,1.279,2.027,2.4889,23.3179,19.4,16.81,4.44,2.759,K3.6,,,0.998,,Gaia_DR3,-8.469,4.803,-7.569,0.012,5.563,0.016,1
Gaia,DR3,5602702687798674304,107.3334219,-34.2513091,17.853,2.964,4.598,2.3724,23.2711,19.62,,,2.764,M4.0,,,1.756,,,-7.795,5.613,-5.461,0.261,6.93,0.721,1
Gaia,DR3,5589726285930089088,112.0555181,-35.7119496,20.054,2.88,4.474,2.3659,23.2112,18.41,,,2.525,M3.9,,,1.078,,,-8.044,5.027,-5.897,0.424,6.057,0.513,1
Gaia,DR3,5591746466748594944,112.1387309,-33.2011626,19.117,3.039,1.412,1.7917,23.1067,18.79,,,2.783,M4.2,,,1.058,,,-8.886,5.056,-9.615,0.204,5.449,0.244,1
Gaia,DR3,5603194444376281984,109.2824318,-33.1179167,17.334,2.764,0.691,1.0932,23.0972,19.41,,,2.799,M3.6,,,1.022,,,-8.323,5.303,-8.373,0.065,4.899,0.077,1
Gaia,DR3,5591917986258055552,113.9809087,-32.9344242,18.347,3.086,1.949,3.3298,23.0048,18.41,,,2.596,M4.3,,,1.123,,,-8.641,4.519,-9.707,0.118,4.492,0.136,1
Gaia,DR3,5589889181150142464,110.0816445,-35.788244,20.149,2.323,4.082,1.8673,22.9629,18.81,,,2.78,M2.4,,,1.122,,,-8.438,5.724,-6.083,0.443,5.303,0.503,1
Gaia,DR3,5593258226518615424,112.2209741,-31.1144198,14.411,1.43,1.531,3.2974,22.9536,19.07,9.88,6.03,2.692,K4.9,,,1.803,,Gaia_DR3,-8.609,4.491,-9.434,0.026,4.217,0.027,1
Gaia,DR3,5590633550521602560,108.5536429,-34.556441,20.048,2.521,3.283,1.4793,22.9238,19.33,,,2.79,M3.1,,,1.098,,,-8.137,5.631,-9.845,0.395,4.73,0.493,1
Gaia,DR3,5591845525864978048,114.2489432,-33.3665626,18.719,2.679,2.195,3.4403,22.8951,18.29,,,2.659,M3.5,,,1.089,,,-8.904,4.684,-10.129,0.196,4.574,0.212,1
Gaia,DR3,5592709364055585792,110.3183404,-32.7776445,17.658,2.88,0.756,1.1513,23.6607,19.25,,,2.49,M3.9,,,1.093,,,-7.604,4.584,-7.772,0.085,4.943,0.091,1
Gaia,DR3,5589619461499426560,110.5078698,-36.5174612,11.504,,3.314,2.6097,22.7867,18.6,20.2,2.41,2.54,,,,1.797,,Gaia_DR3,-7.792,5.322,-6.475,0.033,6.511,0.041,1
Gaia,DR3,5602818475817229312,106.2837806,-34.1745568,19.726,2.72,2.777,3.23,22.7829,19.83,,,2.587,M3.5,,,1.045,,,-7.077,5.313,-6.181,0.311,4.092,0.385,1
Gaia,DR3,5605182700696451968,109.77169,-30.7901553,19.441,3.338,1.641,3.1502,22.7544,19.66,,,2.578,M4.9,,,1.065,,,-7.765,4.419,-8.657,0.254,4.414,0.32,1
Gaia,DR3,5566145777299891584,107.666921,-36.8513646,11.405,0.737,1.653,3.5697,23.7654,19.1,19.21,2.29,2.66,F9.3,,,0.866,,Gaia_DR3,-7.573,5.87,-6.676,0.014,6.103,0.015,1
Gaia,DR3,5588168617251759744,113.6991207,-35.7441522,11.209,0.597,0.513,3.4214,23.7709,18.05,22.22,3.89,2.693,F5.2,,,1.007,,Gaia_DR3,-8.909,5.221,-8.783,0.014,4.958,0.017,1
Gaia,DR3,5591268690284059392,112.8747667,-34.9645468,17.64,2.679,0.772,2.4616,21.7474,18.35,,,2.542,M3.5,,,0.973,,,-8.256,4.866,-8.362,0.075,4.466,0.088,1
Gaia,DR3,5589684263969052032,111.9056076,-36.0831609,16.787,2.777,1.053,2.5863,20.9704,18.38,,,2.557,M3.7,,,1.114,,,-8.119,5.169,-8.683,0.052,5.106,0.062,1
Gaia,DR3,5592588795726279680,111.3647217,-32.564839,17.597,2.768,0.427,1.6853,20.9456,19.05,,,2.52,M3.6,,,1.014,,,-7.897,4.524,-8.123,0.073,4.519,0.086,1
Gaia,DR3,5602486221446541824,106.8885969,-35.3813487,13.516,1.145,3.911,3.0685,20.8973,19.51,32.82,1.57,2.606,K2.3,,,1.003,,Gaia_DR3,-7.257,5.537,-5.648,0.012,6.962,0.014,1
Gaia,DR3,5592140332425689728,112.8508724,-32.9548036,20.199,2.801,3.158,2.437,20.8767,18.67,,,2.55,M3.7,,,1.053,,,-8.275,4.533,-7.936,0.462,6.196,0.477,1
Gaia,DR3,5586625903656340864,113.1045176,-36.3350666,17.084,2.879,1.128,3.4025,23.9727,18.08,,,2.7,M3.9,,,1.659,,,-8.814,5.395,-8.238,0.091,5.112,0.102,1
Gaia,DR3,5590460755396336896,107.3879988,-35.609489,19.189,3.092,2.564,2.8407,20.8518,19.37,,,2.704,M4.3,,,1.062,,,-7.637,5.751,-7.2,0.243,7.146,0.252,1
Gaia,DR3,5592128542735409024,113.5840732,-32.6206883,19.17,3.021,2.902,3.1367,20.7553,18.55,,,2.642,M4.2,,,0.971,,,-8.72,4.577,-7.108,0.205,4.706,0.248,1
Gaia,DR3,5602782505470240640,105.8655474,-34.622076,13.593,1.086,4.503,3.6253,23.9853,19.83,16.42,3.15,2.644,K1.9,,,0.966,,Gaia_DR3,-7.146,5.547,-5.398,0.012,7.35,0.013,1
Gaia,DR3,5591254224832627584,112.8591385,-35.2831499,18.854,3.267,2.26,2.5979,20.7503,18.31,,,2.561,M4.8,,,1.028,,,-8.313,4.957,-9.507,0.176,5.207,0.205,1
Gaia,DR3,5589085545526128384,109.9554098,-37.4936238,11.72,0.699,0.9,3.5756,24.0065,18.54,16.98,2.49,2.613,F8.2,,,0.938,,Gaia_DR3,-7.907,5.698,-8.21,0.011,6.091,0.013,1
Gaia,DR3,5603084007878293760,108.6174474,-33.591782,19.813,3.027,4.519,1.3328,24.0467,19.47,,,2.49,M4.2,,,1.119,,,-7.275,4.85,-5.234,0.386,6.059,0.439,1
Gaia,DR3,5589784491324711808,111.7581804,-35.4045907,13.065,0.978,2.606,1.9754,20.7207,18.52,18.46,5.79,2.755,G9.9,,,0.926,,Gaia_DR3,-8.715,5.454,-7.256,0.011,5.856,0.012,1
Gaia,DR3,5592821990977297792,111.2757134,-32.1054348,19.382,,1.595,2.0396,20.5101,19.14,,,2.75,,,,0.991,,,-8.6,4.856,-7.685,0.266,4.724,0.259,1
Gaia,DR3,5604915386225549568,110.9424175,-31.470079,18.29,,1.322,2.5368,24.0565,19.3,,,2.524,,,,1.062,,,-7.829,4.368,-7.594,0.132,5.031,0.132,1
Gaia,DR3,5591226668322001536,112.4675377,-35.4290977,18.007,2.871,0.779,2.4163,20.3788,18.37,,,2.73,M3.8,,,1.036,,,-8.782,5.347,-8.848,0.092,4.903,0.096,1
Gaia,DR3,5590148150497492352,108.57292,-36.4864014,20.003,2.952,4.34,2.8771,20.3324,18.99,,,2.691,M4.0,,,1.047,,,-7.851,5.795,-10.307,0.471,5.97,0.53,1
Gaia,DR3,5603553499341475968,107.8657548,-32.1274535,12.335,0.789,2.833,2.6371,20.9577,19.85,23.42,2.93,2.561,G0.3,,,0.936,,Gaia_DR3,-7.33,4.768,-6.58,0.009,6.102,0.01,1
Gaia,DR3,5590240926088395776,109.0324137,-36.1756101,9.593,0.157,4.721,2.4382,21.017,18.95,14.07,3.11,2.548,A3.9,,,4.255,,Gaia_DR3,-7.528,5.398,-5.232,0.08,6.475,0.082,1
Gaia,DR3,5603380360619288576,107.6799402,-32.8067924,19.705,2.591,2.087,2.3602,23.7962,19.78,,,2.519,M3.3,,,1.053,,,-7.174,4.829,-6.084,0.282,5.027,0.301,1
Gaia,DR3,5590058510238109696,111.1467322,-34.8726824,18.342,3.292,2.488,1.2458,21.0262,18.74,,,2.509,M4.8,,,0.989,,,-7.822,4.924,-9.067,0.116,5.35,0.15,1
Gaia,DR3,5586630709718904192,112.729722,-36.4505165,17.447,2.445,4.64,3.281,21.7175,18.14,,,2.646,M2.9,,,1.01,,,-8.562,5.34,-8.753,0.067,7.921,0.073,1
Gaia,DR3,5592867453213998720,110.752864,-31.9237564,5.374,-0.195,0.992,2.0575,21.6995,19.28,,,2.526,B2.3,,,0.948,,,-7.797,4.465,-7.964,0.058,4.966,0.072,1
Gaia,DR3,5604872604058030464,110.3860731,-31.9340036,17.765,2.921,0.995,1.9965,23.832,19.36,,,2.507,M3.9,,,1.014,,,-7.669,4.46,-7.891,0.09,4.937,0.101,1
Gaia,DR3,5605915770015322880,108.5121131,-30.6076492,17.497,2.828,0.883,3.5989,23.872,19.95,,,2.654,M3.7,,,1.05,,,-7.732,4.601,-7.843,0.075,5.083,0.081,1
Gaia,DR3,5590182308374735104,107.7276693,-36.5140722,15.352,2.24,2.711,3.2707,21.6448,19.15,-28.84,10.43,2.638,M1.9,,,1.254,,Gaia_DR3,-7.52,5.753,-7.116,0.03,7.205,0.032,1
Gaia,DR3,5593237198350038528,112.4056595,-31.3576254,18.185,2.828,1.47,3.1811,21.5688,18.99,,,2.608,M3.7,,,0.969,,,-8.378,4.382,-9.156,0.099,4.163,0.108,1
Gaia,DR3,5592063641493475712,113.1797661,-33.4855962,15.65,1.385,2.12,2.5412,21.4771,18.51,,,2.736,K4.6,,,9.946,,,-8.946,4.934,-9.005,0.26,6.155,0.299,1
Gaia,DR3,5591582772651841152,111.7665332,-34.2044587,11.016,0.636,1.661,1.352,23.9539,18.71,-0.51,0.41,2.801,F5.9,,,0.94,,Gaia_DR3,-8.864,5.315,-8.422,0.013,4.44,0.014,1
Gaia,DR3,5591855215321644800,113.6947762,-33.6915648,16.228,2.311,0.725,2.9374,21.2066,18.37,,,2.7,M2.3,,,0.966,,,-8.934,4.865,-9.346,0.037,4.861,0.044,1
Gaia,DR3,5591369398678920832,113.3990873,-34.6715303,19.58,2.547,3.87,2.7704,21.2038,18.28,,,2.567,M3.2,,,1.026,,,-8.437,4.819,-6.355,0.358,4.594,0.359,1
Gaia,DR3,5603179154284558080,108.1705621,-32.9378257,19.724,2.721,2.77,1.9377,21.1808,19.66,,,2.761,M3.5,,,1.054,,,-7.969,5.281,-7.432,0.316,3.761,0.4,1
Gaia,DR3,5591746157510578304,112.1437678,-33.2357668,17.369,2.808,0.469,1.7816,21.1359,18.78,,,2.521,M3.7,,,1.035,,,-8.049,4.585,-8.073,0.071,4.337,0.081,1
Gaia,DR3,5604972870077274496,109.924559,-31.2277934,13.499,1.087,0.606,2.7025,21.0578,19.56,14.96,3.54,2.564,K1.9,,,1.149,,Gaia_DR3,-7.753,4.465,-7.627,0.012,4.767,0.015,1
Gaia,DR3,5592015812733527424,114.0166607,-32.8120469,18.367,2.321,1.014,3.3984,23.9599,18.42,,,2.7,M2.4,,,1.055,,,-8.997,4.676,-8.845,0.139,4.119,0.148,1
Gaia,DR3,5590161722591972096,108.6261645,-36.1555286,19.797,2.763,4.546,2.5662,21.0341,19.04,,,2.729,M3.6,,,1.054,,,-7.973,5.809,-8.188,0.362,8.415,0.429,1
Gaia,DR3,5602680594486628992,107.8927874,-34.1844824,14.443,1.393,2.726,1.9051,18.3187,19.52,13.92,7.0,2.549,K4.6,,,0.971,,Gaia_DR3,-7.3,5.124,-6.431,0.017,6.302,0.02,1
Gaia,DR3,5588086772351425280,114.1820945,-35.4069894,19.667,2.883,1.831,3.6178,24.994,17.99,,,2.693,M3.9,,,0.967,,,-9.005,5.117,-8.031,0.319,4.757,0.378,1
Gaia,DR3,5592900094966521984,111.0517453,-31.6766758,12.862,1.061,0.833,2.3647,15.8235,19.25,13.55,8.61,2.623,K1.8,,,1.426,,Gaia_DR3,-8.156,4.568,-8.1,0.017,5.025,0.019,1
Gaia,DR3,5592895868718886400,110.8135554,-31.738505,13.969,1.297,1.127,2.2497,16.0107,19.29,38.44,4.01,2.598,K3.8,,,0.991,,Gaia_DR3,-8.033,4.555,-7.926,0.015,3.946,0.015,1
Gaia,DR3,5591510617201013632,111.9163472,-34.6808451,19.232,3.209,2.0,1.6295,15.7188,18.61,,,2.56,M4.6,,,1.006,,,-8.131,4.929,-9.203,0.218,4.805,0.247,1
Gaia,DR3,5589883958468025600,110.0128164,-35.9042422,18.423,3.255,1.275,1.9861,14.5477,18.8,,,2.682,M4.7,,,0.98,,,-8.128,5.55,-7.407,0.138,5.565,0.154,1
Gaia,DR3,5591618919100214528,112.0486354,-33.8256535,19.473,3.074,3.158,1.5624,11.9972,18.71,,,2.596,M4.3,,,1.03,,,-8.269,4.835,-6.619,0.302,4.323,0.3,1
Gaia,DR3,5592762548628967680,110.4891944,-32.1910844,8.854,-0.071,0.483,1.7517,11.968,19.3,18.89,2.86,2.617,B8.9,,,1.005,,Gaia_DR3,-8.027,4.696,-8.15,0.022,4.933,0.027,1
Gaia,DR3,5592452696802088832,111.180914,-33.3922994,14.816,1.637,0.37,0.9942,11.5324,18.97,30.36,5.36,2.573,K5.6,,,1.779,,Gaia_DR3,-8.026,4.782,-8.159,0.029,4.932,0.034,1
Gaia,DR3,5604742522388106496,109.9720956,-32.4117543,15.459,2.099,2.018,1.5197,13.4146,19.38,24.27,9.01,2.701,M1.0,,,5.314,,Gaia_DR3,-8.175,4.928,-9.112,0.119,5.593,0.133,1
Gaia,DR3,5590532051850776832,108.3934211,-35.2263554,11.774,0.703,2.831,1.9599,13.4343,19.24,21.26,3.99,2.663,F8.4,,,0.854,,Gaia_DR3,-7.732,5.513,-6.573,0.01,6.6,0.013,1
Gaia,DR3,5592857591969194880,110.6304999,-32.1260403,13.669,1.186,1.964,1.8372,15.8646,19.28,-17.53,5.64,2.569,K2.7,,,2.455,,Gaia_DR3,-7.906,4.587,-8.461,0.026,5.494,0.031,1
Gaia,DR3,5591002952066841216,109.4142163,-34.0193632,18.841,2.995,3.045,0.6346,13.4456,19.24,,,2.729,M4.1,,,1.005,,,-8.141,5.335,-9.893,0.16,5.348,0.18,1
Gaia,DR3,5592860890504137088,110.4130858,-32.0703803,14.185,1.336,0.684,1.8631,13.4663,19.33,-55.55,5.16,2.601,K4.1,,,0.971,,Gaia_DR3,-7.961,4.65,-8.15,0.014,4.974,0.015,1
Gaia,DR3,5603528627190488960,108.7214304,-31.8839338,10.34,0.293,2.84,2.3737,15.9931,19.72,16.38,4.52,2.618,A6.4,,,0.821,,Gaia_DR3,-7.67,4.769,-6.539,0.012,5.854,0.013,1
Gaia,DR3,5592808663701148928,111.332071,-32.2082948,12.16,0.734,0.645,1.9712,14.4393,19.11,20.15,2.47,2.682,F9.3,,,0.829,,Gaia_DR3,-8.398,4.75,-8.045,0.008,4.845,0.009,1
Gaia,DR3,5604745546045121408,109.8629827,-32.3951262,17.596,2.86,0.658,1.5487,11.4402,19.4,,,2.673,M3.8,,,1.012,,,-8.07,4.883,-7.746,0.079,5.065,0.092,1
Gaia,DR3,5591300855300593408,112.4547226,-34.9968915,14.366,1.338,0.882,2.1684,14.4383,18.44,17.09,3.37,2.65,K4.2,,,0.957,,Gaia_DR3,-8.521,5.113,-8.824,0.015,4.724,0.017,1
Gaia,DR3,5592878036014593408,111.0295331,-31.8915283,9.355,-0.026,0.714,2.1551,14.3961,19.23,15.34,3.11,2.652,A0.3,,,1.184,,Gaia_DR3,-8.243,4.662,-7.857,0.02,4.562,0.023,1
Gaia,DR3,5592858347883442560,110.6150295,-32.1156944,9.769,0.119,0.359,1.8447,12.2988,19.28,11.31,4.62,2.628,A3.5,,,0.95,,Gaia_DR3,-8.084,4.691,-7.986,0.015,4.865,0.018,1
Gaia,DR3,5590994740088658944,109.0721354,-34.2881652,19.089,3.241,3.359,0.9802,11.408,19.27,,,2.704,M4.7,,,1.074,,,-7.995,5.365,-9.909,0.205,5.439,0.259,1
Gaia,DR3,5589784250806568064,111.7839187,-35.4028838,10.211,0.289,1.059,1.9882,16.073,18.52,22.89,3.09,2.704,A6.4,,,1.055,,Gaia_DR3,-8.559,5.351,-8.034,0.017,5.055,0.018,1
Gaia,DR3,5592495096726291584,112.0486308,-33.2376867,14.293,1.452,3.105,1.708,11.3668,18.8,-12.3,16.41,2.629,K5.0,,,1.655,,Gaia_DR3,-8.376,4.79,-8.721,0.024,3.104,0.027,1
Gaia,DR3,5592839621826232576,110.8269827,-32.3427211,17.414,2.871,0.43,1.6725,16.0782,19.2,,,2.721,M3.8,,,1.027,,,-8.417,4.886,-8.172,0.064,4.855,0.077,1
Gaia,DR3,5590636166158136832,108.371597,-34.5123544,13.126,0.924,3.142,1.6002,16.0877,19.37,16.66,1.88,2.556,G8.5,,,1.027,,Gaia_DR3,-7.418,5.164,-5.881,0.011,5.874,0.011,1
Gaia,DR3,5602739899390096896,107.7233684,-33.8346602,19.542,2.856,3.119,2.0334,14.3819,19.61,,,2.674,M3.8,,,1.494,,,-7.623,5.321,-5.911,0.396,5.721,0.469,1
Gaia,DR3,5592590479361329024,111.4035474,-32.5092312,8.596,-0.103,2.193,1.7496,16.0879,19.05,6.53,2.41,2.562,B7.6,,,1.283,,Gaia_DR3,-8.037,4.587,-7.026,0.035,5.204,0.037,1
Gaia,DR3,5589994596823768704,111.4516385,-35.0555616,17.824,2.246,0.932,1.549,16.1673,18.65,,,2.727,M2.0,,,1.034,,,-8.565,5.361,-8.807,0.091,4.883,0.101,1
Gaia,DR3,5592413835945042432,111.4668754,-33.2575732,17.927,3.294,0.609,1.2682,16.182,18.93,,,2.737,M4.8,,,0.989,,,-8.598,5.038,-8.286,0.102,4.876,0.118,1
Gaia,DR3,5592499872729705728,111.8466979,-33.1885572,14.623,1.28,4.508,1.5779,10.988,18.85,21.19,5.7,2.614,K3.6,,,0.996,,Gaia_DR3,-8.287,4.769,-10.674,0.016,5.456,0.02,1
Gaia,DR3,5590758796065363968,109.247284,-34.7574678,11.925,0.801,1.176,1.1307,16.2267,19.15,9.66,4.03,2.541,G0.9,,,1.015,,Gaia_DR3,-7.547,5.112,-7.476,0.012,4.486,0.015,1
Gaia,DR3,5592864940648662016,110.7074564,-32.0269439,12.209,0.784,4.675,1.9482,16.232,19.28,26.41,6.65,2.709,G0.1,,,3.85,,Gaia_DR3,-8.352,4.812,-6.926,0.038,2.555,0.045,1
Gaia,DR3,5592862436692294016,110.5888378,-32.0045329,16.517,2.359,0.341,1.9497,13.4884,19.3,,,2.666,M2.6,,,1.042,,,-8.196,4.74,-8.089,0.041,4.581,0.048,1
Gaia,DR3,5590015457486859904,111.3872265,-34.845103,13.085,0.978,0.817,1.3638,10.6641,18.69,7.52,3.28,2.677,G9.9,,,0.928,,Gaia_DR3,-8.395,5.229,-7.963,0.01,5.067,0.011,1
Gaia,DR3,5592757811278905216,110.216339,-32.3197881,18.415,3.071,1.2,1.603,15.6742,19.34,,,2.72,M4.3,,,0.968,,,-8.286,4.927,-7.602,0.111,4.845,0.126,1
Gaia,DR3,5591525705427249664,111.5817001,-34.5299364,17.711,2.935,1.26,1.3156,15.6233,18.7,,,2.731,M4.0,,,1.022,,,-8.602,5.258,-9.315,0.079,5.128,0.093,1
Gaia,DR3,5592865803946587392,110.7151699,-31.9620528,17.57,2.753,0.901,2.0129,13.569,19.28,,,2.656,M3.6,,,1.027,,,-8.192,4.706,-7.698,0.071,4.602,0.082,1
Gaia,DR3,5592828111313001472,111.2768588,-31.9734858,11.142,0.538,0.395,2.1587,15.1488,19.16,17.66,1.77,2.604,F3.7,,,1.045,,Gaia_DR3,-8.142,4.573,-8.055,0.013,4.771,0.016,1
Gaia,DR3,5592834360484355584,111.3292172,-31.8983887,14.777,1.634,0.387,2.2456,14.9959,19.16,-47.61,6.26,2.625,K5.6,,,1.049,,Gaia_DR3,-8.218,4.592,-8.064,0.018,4.741,0.02,1
Gaia,DR3,5590712925815505152,109.9393846,-34.9115188,11.325,0.592,1.942,1.0074,15.0188,18.99,16.92,1.31,2.547,F5.1,,,0.912,,Gaia_DR3,-7.702,5.099,-6.953,0.014,5.824,0.015,1
Gaia,DR3,5592868307903011712,110.6609831,-31.9718891,12.521,0.812,0.48,1.9934,13.2423,19.29,21.16,2.37,2.646,G1.3,,,0.975,,Gaia_DR3,-8.15,4.694,-8.059,0.009,4.946,0.012,1
Gaia,DR3,5592848452278872832,111.0131226,-32.1589429,8.342,-0.0,1.805,1.8996,15.0236,19.19,19.9,1.82,2.696,A0.8,,,1.338,,Gaia_DR3,-8.378,4.792,-7.561,0.029,4.17,0.036,1
Gaia,DR3,5603053638167620096,108.5473894,-33.8280472,10.742,0.383,2.374,1.3508,15.0237,19.45,16.15,1.52,2.556,F0.0,,,1.129,,Gaia_DR3,-7.453,5.026,-6.604,0.016,5.983,0.018,1
Gaia,DR3,5592849964107356672,110.9800722,-32.0664003,12.825,0.873,0.349,1.9762,13.1249,19.21,15.66,2.69,2.631,G6.3,,,1.098,,Gaia_DR3,-8.166,4.66,-8.281,0.014,4.816,0.014,1
Gaia,DR3,5592846523828932352,110.9072768,-32.2254083,13.358,1.031,0.259,1.8058,13.0337,19.2,12.23,3.34,2.602,K1.5,,,0.94,,Gaia_DR3,-8.064,4.644,-8.173,0.011,4.736,0.012,1
Gaia,DR3,5592592021250205824,111.8088267,-32.7068183,20.122,3.155,3.884,1.8308,13.0284,18.93,,,2.605,M4.5,,,1.075,,,-8.251,4.669,-10.344,0.404,5.081,0.565,1
Gaia,DR3,5604885527620855296,110.4911224,-31.7017381,16.354,2.357,0.318,2.2369,15.0256,19.37,,,2.657,M2.5,,,1.041,,,-8.148,4.674,-8.273,0.04,4.8,0.046,1
Gaia,DR3,5592602917587505280,112.1248445,-32.4264649,17.243,2.752,0.753,2.2166,14.9317,18.91,,,2.658,M3.6,,,1.061,,,-8.482,4.687,-8.901,0.065,4.634,0.076,1
Gaia,DR3,5604807801589674624,109.2902424,-32.2129898,16.661,2.922,2.921,1.8617,15.0337,19.55,,,2.699,M3.9,,,3.012,,,-8.028,4.939,-9.497,0.308,5.715,0.367,1
Gaia,DR3,5592594465092059008,111.852346,-32.6346631,17.881,2.883,2.196,1.9066,14.8445,18.94,,,2.694,M3.9,,,0.991,,,-8.54,4.81,-9.764,0.092,5.05,0.118,1
Gaia,DR3,5590308747911883904,108.557153,-35.9212776,19.068,3.108,2.624,2.3969,18.3005,19.09,,,2.577,M4.4,,,1.064,,,-7.516,5.449,-7.278,0.192,6.855,0.223,1
Gaia,DR3,5604784750507564544,109.9641399,-32.1546095,13.786,1.366,1.084,1.7762,12.8518,19.42,23.86,7.07,2.602,K4.4,,,1.093,,Gaia_DR3,-7.875,4.701,-8.462,0.015,4.799,0.017,1
Gaia,DR3,5589974358941113856,110.8259858,-35.3882916,12.101,0.762,3.087,1.562,12.8479,18.72,19.43,0.96,2.692,F9.5,,,0.874,,Gaia_DR3,-8.324,5.405,-8.464,0.009,7.151,0.01,1
Gaia,DR3,5592850303400116864,111.0266654,-32.0268832,8.718,-0.001,0.323,2.027,14.6187,19.21,,,2.679,A0.8,,,1.057,,,-8.327,4.735,-8.322,0.026,4.553,0.03,1
Gaia,DR3,5604836148374774912,109.7179782,-32.0043001,17.017,-0.444,3.161,1.9552,15.1643,19.49,,,2.694,,,,0.97,,,-8.103,4.857,-8.161,0.059,6.651,0.066,1
Gaia,DR3,5604742556747843584,109.9791894,-32.4006043,15.181,1.798,1.97,1.5301,12.8326,19.38,21.38,9.3,2.693,K7.7,,,0.981,,Gaia_DR3,-8.155,4.912,-7.372,0.02,5.711,0.022,1
Gaia,DR3,5591250032949220608,112.4043569,-35.1797377,19.964,2.931,3.473,2.2284,14.7548,18.42,,,2.642,M4.0,,,1.07,,,-8.486,5.135,-6.739,0.445,4.305,0.446,1
Gaia,DR3,5592886935186690688,111.1503805,-31.7566079,13.166,0.94,0.387,2.3169,15.3444,19.22,12.57,2.48,2.635,G8.8,,,1.013,,Gaia_DR3,-8.213,4.597,-8.15,0.011,4.802,0.012,1
Gaia,DR3,5590340049632770944,109.0591387,-35.5969474,13.357,1.063,2.008,1.9073,15.3587,19.05,27.25,9.9,2.578,K1.8,,,0.947,,Gaia_DR3,-7.622,5.355,-6.948,0.012,6.213,0.013,1
Gaia,DR3,5592878173453615872,110.9521416,-31.937179,15.707,2.226,1.123,2.0907,15.423,19.24,,,2.592,M1.8,,,1.832,,,-8.04,4.57,-7.979,0.044,5.18,0.053,1
Gaia,DR3,5604814158143753600,109.4566041,-32.0947032,19.515,2.85,3.265,1.9231,15.4804,19.53,,,2.578,M3.8,,,1.043,,,-7.701,4.683,-6.928,0.261,6.28,0.328,1
Gaia,DR3,5591563599917988992,112.105104,-34.0946758,18.564,3.155,0.941,1.613,12.5705,18.66,,,2.685,M4.5,,,0.99,,,-8.563,5.045,-8.525,0.147,4.514,0.151,1
Gaia,DR3,5591699905000592768,112.5380834,-33.4910273,13.616,1.111,1.278,2.0163,13.3735,18.66,43.66,5.11,2.632,K2.1,,,1.02,,Gaia_DR3,-8.481,4.801,-9.001,0.013,4.319,0.015,1
Gaia,DR3,5591448911414722688,112.6682452,-34.3247945,13.829,1.122,4.261,2.1065,15.4962,18.5,20.99,3.11,2.592,K2.1,,,0.987,,Gaia_DR3,-8.377,4.866,-10.489,0.013,3.884,0.014,1
Gaia,DR3,5592860645683055616,110.4617959,-32.0956982,17.624,2.896,0.531,1.8429,12.3634,19.32,,,2.652,M3.9,,,1.001,,,-8.128,4.743,-8.243,0.071,5.017,0.082,1
Gaia,DR3,5592453693242782720,111.1338676,-33.3597512,16.538,2.484,0.728,0.9797,13.4086,18.98,,,2.721,M3.0,,,0.998,,,-8.48,5.056,-8.082,0.042,4.928,0.049,1
Gaia,DR3,5592893978933186048,110.9451465,-31.7212008,16.528,2.413,0.447,2.2954,15.5302,19.27,,,2.616,M2.8,,,0.952,,,-8.115,4.573,-8.111,0.041,4.82,0.046,1
Gaia,DR3,5591709461309353984,112.8832794,-33.2980928,17.571,,2.235,2.3439,15.5992,18.61,,,2.65,,,,1.105,,,-8.608,4.771,-9.769,0.147,4.311,0.326,1
Gaia,DR3,5591737567576190848,111.9849854,-33.3793165,16.791,2.624,0.354,1.6051,10.6248,18.79,,,2.638,M3.3,,,0.968,,,-8.392,4.838,-8.496,0.047,4.67,0.05,1
Gaia,DR3,5592713968260530944,110.2370613,-32.6574781,11.44,0.774,1.9,1.2661,10.8635,19.28,21.76,5.12,2.59,F9.7,,,3.528,,Gaia_DR3,-7.893,4.752,-8.563,0.049,5.543,0.054,1
Gaia,DR3,5591558450258749568,111.9184176,-34.2274253,10.919,0.691,3.484,1.4797,10.3818,18.68,36.8,1.13,2.662,F7.9,,,1.005,,Gaia_DR3,-8.452,5.041,-7.656,0.012,6.826,0.015,1
Gaia,DR3,5591198321540789760,109.7094972,-33.1741284,19.461,3.151,4.87,0.841,7.1903,19.31,,,2.606,M4.5,,,1.118,,,-7.834,4.916,-7.682,0.28,7.586,0.35,1
Gaia,DR3,5591580985945753344,111.5608798,-34.3214524,19.757,2.96,3.757,1.2183,13.8651,18.74,,,2.718,M4.0,,,1.005,,,-8.558,5.196,-8.674,0.305,7.346,0.385,1
Gaia,DR3,5604923662629096960,110.5631649,-31.5045643,11.82,0.649,0.759,2.4402,16.3428,19.38,19.75,2.56,2.622,F6.3,,,0.902,,Gaia_DR3,-8.055,4.57,-7.699,0.01,4.793,0.012,1
Gaia,DR3,5604929057110687488,110.4283057,-31.3893586,16.875,2.551,1.514,2.5423,17.4126,19.43,,,2.608,M3.2,,,1.017,,,-7.987,4.536,-8.819,0.061,4.523,0.067,1
Gaia,DR3,5592868346567243776,110.6842275,-31.9677228,15.415,2.504,0.363,2.0016,17.4493,19.29,,,2.561,M3.0,,,1.133,,,-7.894,4.541,-7.716,0.026,4.623,0.032,1
Gaia,DR3,5592720634050133760,109.7702947,-32.7498567,18.108,2.56,4.705,1.2192,9.0184,19.37,,,2.665,M3.2,,,0.978,,,-8.027,4.943,-5.387,0.098,4.798,0.118,1
Gaia,DR3,5592889993203281152,111.2430339,-31.6036722,10.916,0.474,0.623,2.4879,17.6197,19.22,19.75,2.62,2.596,F1.6,,,0.912,,Gaia_DR3,-8.111,4.494,-7.951,0.012,4.795,0.013,1
Gaia,DR3,5592750694520838144,110.1899641,-32.5459903,18.842,2.85,3.38,1.3764,17.62,19.31,,,2.536,M3.8,,,1.081,,,-7.72,4.637,-6.013,0.185,5.229,0.204,1
Gaia,DR3,5591578890002712832,111.3932645,-34.3050371,18.24,3.112,2.733,1.0823,17.6791,18.78,,,2.754,M4.4,,,1.013,,,-8.638,5.277,-7.077,0.117,5.567,0.142,1
Gaia,DR3,5591049651250573824,108.9917405,-34.0269267,14.073,1.616,2.467,0.983,8.6425,19.32,-9.9,6.08,2.677,K5.6,,,2.372,,Gaia_DR3,-7.9,5.268,-6.885,0.031,6.222,0.04,1
Gaia,DR3,5591510037386629248,111.9935777,-34.7002477,14.187,1.235,0.488,1.6949,17.7249,18.59,7.5,6.62,2.546,K3.2,,,1.047,,Gaia_DR3,-8.098,4.898,-8.31,0.014,4.744,0.017,1
Gaia,DR3,5592502651566288896,111.9793533,-33.0430135,17.586,2.795,0.491,1.7462,13.8138,18.85,,,2.586,M3.7,,,1.038,,,-8.225,4.682,-7.969,0.074,4.603,0.077,1
Gaia,DR3,5591043702716147200,109.0555823,-34.1489926,18.935,2.679,2.643,0.9512,7.7094,19.29,,,2.606,M3.5,,,1.059,,,-7.704,5.147,-7.628,0.181,6.597,0.217,1
Gaia,DR3,5603193585377883904,109.2911729,-33.1479138,18.129,,1.282,1.0662,17.7576,19.4,,,2.755,,,,1.015,,,-8.195,5.226,-8.844,0.199,5.59,0.18,1
Gaia,DR3,5591632697355314432,111.7621457,-33.8156809,18.909,3.332,3.037,1.3259,17.8104,18.78,,,2.534,M4.9,,,1.083,,,-8.016,4.739,-9.601,0.165,5.087,0.18,1
Gaia,DR3,5588217962135818240,112.7326697,-35.6034915,17.837,2.876,0.899,2.6937,17.8802,18.28,,,2.649,M3.8,,,0.959,,,-8.575,5.197,-8.408,0.079,4.723,0.087,1
Gaia,DR3,5592593503019358592,111.9149738,-32.6650062,18.121,3.225,0.604,1.9254,13.677,18.92,,,2.673,M4.7,,,0.99,,,-8.488,4.774,-8.151,0.105,4.725,0.138,1
Gaia,DR3,5591094383332435840,109.9349547,-33.7642603,12.388,0.776,2.648,0.2515,6.2928,19.17,16.93,1.87,2.595,F9.8,,,1.047,,Gaia_DR3,-7.848,4.987,-6.509,0.01,5.541,0.013,1
Gaia,DR3,5591420113652875136,113.4197653,-34.1076406,19.426,3.073,4.957,2.6996,17.9024,18.36,,,2.648,M4.3,,,1.053,,,-8.705,4.867,-6.017,0.289,4.212,0.296,1
Gaia,DR3,5592584775644704512,111.5607187,-32.64913,17.277,2.713,0.518,1.7238,13.7353,19.0,,,2.586,M3.5,,,1.047,,,-8.141,4.642,-8.198,0.06,4.919,0.071,1
Gaia,DR3,5592586145732651136,111.4892975,-32.5879245,18.657,3.367,2.434,1.7312,17.9548,19.02,,,2.738,M5.0,,,1.191,,,-8.605,4.909,-9.999,0.172,5.084,0.195,1
Gaia,DR3,5592818280122668032,111.666068,-32.0225177,12.341,0.804,1.035,2.2767,17.9589,19.07,14.26,2.83,2.708,G1.1,,,1.717,,Gaia_DR3,-8.55,4.736,-7.982,0.018,4.901,0.023,1
Gaia,DR3,5592844363470315904,110.7128125,-32.2150772,16.969,2.536,0.966,1.7667,18.0178,19.25,,,2.737,M3.1,,,1.008,,,-8.44,4.898,-7.89,0.056,4.988,0.07,1
Gaia,DR3,5591052945486304384,109.1228833,-33.9853145,18.455,3.169,1.533,0.8712,5.771,19.3,,,2.638,M4.5,,,1.102,,,-7.812,5.174,-8.627,0.136,4.923,0.158,1
Gaia,DR3,5592966306184262400,112.5665248,-32.0891975,18.186,2.88,0.668,2.7198,18.0356,18.86,,,2.631,M3.9,,,0.992,,,-8.485,4.543,-8.155,0.109,4.713,0.138,1
Gaia,DR3,5603045323111155584,108.2071779,-34.1172921,13.063,0.955,4.598,1.6388,18.0446,19.47,19.23,7.02,2.541,G9.2,,,3.644,,Gaia_DR3,-7.341,5.074,-5.309,0.033,6.465,0.033,1
Gaia,DR3,5592786467309312384,110.9449796,-32.4874731,12.086,0.86,0.228,1.5744,13.7514,19.16,19.75,3.75,2.701,G5.6,,,0.884,,Gaia_DR3,-8.379,4.869,-8.278,0.008,4.949,0.01,1
Gaia,DR3,5605156488517623936,109.6252391,-31.2744437,13.238,1.002,0.608,2.6874,18.1697,19.62,13.04,2.87,2.614,K0.8,,,0.981,,Gaia_DR3,-7.842,4.581,-7.757,0.01,4.905,0.012,1
Gaia,DR3,5592608926239222656,111.6391331,-32.5774962,18.458,3.183,1.188,1.8213,18.1943,18.99,,,2.546,M4.6,,,0.943,,,-8.033,4.553,-8.666,0.11,4.485,0.134,1
Gaia,DR3,5590871324209090688,110.109519,-34.3500657,12.894,0.898,3.507,0.4307,3.2161,19.04,39.44,3.37,2.647,G7.9,,,1.057,,Gaia_DR3,-8.041,5.182,-6.41,0.012,4.1,0.014,1
Gaia,DR3,5592813366680957824,111.7311133,-32.1541022,18.034,2.869,0.977,2.1996,18.1979,19.03,,,2.717,M3.8,,,0.979,,,-8.589,4.77,-8.045,0.103,4.642,0.12,1
Gaia,DR3,5604889410271447296,110.1921571,-31.8247008,11.638,0.644,1.858,2.0977,14.0167,19.42,15.09,0.9,2.625,F6.1,,,1.033,,Gaia_DR3,-7.99,4.664,-8.167,0.012,3.651,0.014,1
Gaia,DR3,5604956961518460288,110.2873566,-31.3052791,17.492,2.725,0.647,2.6189,17.3314,19.47,,,2.641,M3.5,,,1.021,,,-8.057,4.586,-7.757,0.074,4.785,0.086,1
Gaia,DR3,5592800073765519616,111.1084933,-32.2461666,17.329,2.715,0.611,1.8513,13.296,19.16,,,2.602,M3.5,,,1.062,,,-8.105,4.634,-8.091,0.068,4.299,0.076,1
Gaia,DR3,5592915694285731200,112.472723,-32.5261029,14.242,1.433,2.196,2.3787,16.5382,18.81,32.37,8.86,2.604,K4.9,,,1.155,,Gaia_DR3,-8.378,4.582,-9.353,0.016,3.873,0.018,1
Gaia,DR3,5592559727395814784,111.4735163,-32.953601,18.195,3.031,0.898,1.4563,10.3423,18.97,,,2.612,M4.2,,,0.859,,,-8.206,4.751,-8.697,0.108,4.695,0.124,1
Gaia,DR3,5591526495701204096,111.6518702,-34.4433853,14.374,1.279,1.902,1.3317,10.139,18.7,15.02,3.06,2.673,K3.6,,,0.972,,Gaia_DR3,-8.433,5.124,-9.351,0.015,5.677,0.018,1
Gaia,DR3,5590678802293868416,109.4480278,-35.3221127,18.938,3.101,2.338,1.5208,10.103,19.02,,,2.631,M4.4,,,1.045,,,-7.859,5.384,-9.092,0.157,5.785,0.191,1
Gaia,DR3,5590710585053036416,109.8998634,-35.0033416,17.899,3.053,0.71,1.1038,10.0318,18.98,,,2.59,M4.2,,,1.018,,,-7.826,5.206,-8.129,0.094,5.448,0.099,1
Gaia,DR3,5591603457217230464,111.3853637,-33.988279,17.53,3.027,0.648,1.0099,10.0128,18.83,,,2.586,M4.2,,,1.096,,,-8.108,4.898,-8.386,0.08,4.679,0.094,1
Gaia,DR3,5592864704434954368,110.7468444,-32.0001305,14.637,1.508,0.164,1.9821,13.6283,19.27,22.76,6.03,2.664,K5.3,,,1.049,,Gaia_DR3,-8.223,4.725,-8.289,0.018,4.789,0.019,1
Gaia,DR3,5592885526437269632,111.3377582,-31.6979537,13.919,1.198,0.477,2.4311,16.6668,19.19,14.57,4.6,2.609,K2.9,,,1.02,,Gaia_DR3,-8.17,4.527,-7.986,0.013,4.713,0.014,1
Gaia,DR3,5604916584519872000,110.9063992,-31.4014573,12.771,0.868,0.33,2.5959,17.3182,19.32,22.51,3.87,2.624,G5.9,,,0.931,,Gaia_DR3,-8.131,4.53,-8.162,0.01,4.71,0.012,1
Gaia,DR3,5592890302441260672,110.9184819,-31.8808575,16.057,2.387,0.355,2.1359,14.3363,19.25,,,2.655,M2.7,,,1.139,,,-8.23,4.673,-8.156,0.033,4.489,0.04,1
Gaia,DR3,5592355454450258688,111.3105143,-33.9160505,18.528,3.118,1.292,0.9461,16.7843,18.86,,,2.75,M4.4,,,0.936,,,-8.606,5.201,-7.948,0.134,4.842,0.174,1
Gaia,DR3,5592362360756536192,111.2593649,-33.7024028,11.392,0.612,1.2,0.9311,16.847,18.9,19.64,1.32,2.751,F5.4,,,0.903,,Gaia_DR3,-8.598,5.166,-7.921,0.014,5.33,0.019,1
Gaia,DR3,5592687236383347968,110.5329238,-32.6796581,16.725,2.486,0.367,1.2791,9.9983,19.22,,,2.601,M3.0,,,0.989,,,-7.985,4.753,-7.991,0.044,4.955,0.052,1
Gaia,DR3,5603537144106908544,107.9442077,-32.255744,19.889,2.311,3.294,2.5011,16.8562,19.82,,,2.617,M2.3,,,1.203,,,-7.507,4.892,-7.829,0.47,6.681,0.514,1
Gaia,DR3,5591644349604596864,112.6420651,-34.0293072,13.005,0.957,3.133,2.0524,13.6542,18.55,-12.54,1.29,2.629,G9.2,,,2.547,,Gaia_DR3,-8.491,4.883,-9.228,0.033,6.455,0.039,1
Gaia,DR3,5604898545660357888,110.4101021,-31.6288363,11.226,0.566,0.692,2.3023,16.5329,19.4,19.82,2.15,2.595,F4.6,,,1.156,,Gaia_DR3,-7.942,4.558,-7.686,0.015,4.837,0.018,1
Gaia,DR3,5591771721156734976,112.3493532,-33.0765771,15.857,2.526,0.407,2.0041,17.2909,18.76,,,2.563,M3.1,,,1.644,,,-8.223,4.617,-8.007,0.05,4.659,0.064,1
Gaia,DR3,5590776727551551744,109.7364351,-34.5458631,18.307,3.149,1.795,0.7194,9.604,19.09,,,2.696,M4.5,,,0.94,,,-8.112,5.346,-9.089,0.104,5.053,0.116,1
Gaia,DR3,5590892932187600512,109.8655761,-34.1210053,19.339,3.316,4.521,0.3214,10.3729,19.13,,,2.568,M4.9,,,0.941,,,-7.752,5.005,-5.423,0.224,5.758,0.266,1
Gaia,DR3,5592833059115256832,111.3654354,-31.9874715,15.646,2.441,0.357,2.1792,17.1032,19.14,,,2.704,M2.9,,,2.13,,,-8.474,4.745,-8.411,0.052,4.939,0.06,1
Gaia,DR3,5592850410783956096,110.9652933,-32.0477224,14.762,1.544,0.384,1.9896,14.1901,19.22,15.0,8.07,2.602,K5.4,,,1.049,,Gaia_DR3,-8.074,4.607,-8.225,0.02,4.754,0.023,1
Gaia,DR3,5604927961898796928,110.4635184,-31.4326286,12.249,0.738,0.55,2.5019,17.061,19.41,19.86,1.65,2.668,F9.3,,,0.875,,Gaia_DR3,-8.177,4.645,-7.933,0.008,4.835,0.01,1
Gaia,DR3,5589969067542592128,111.2086321,-35.2433622,18.714,2.874,2.454,1.5734,17.0071,18.67,,,2.735,M3.8,,,0.956,,,-8.537,5.431,-9.918,0.175,5.127,0.183,1
Gaia,DR3,5592878654489907712,111.0085794,-31.9106399,9.013,0.07,0.666,2.1312,14.2582,19.23,12.98,2.43,2.653,A2.1,,,1.323,,Gaia_DR3,-8.242,4.668,-7.891,0.021,4.794,0.025,1
Gaia,DR3,5590758486827715200,109.2291606,-34.7685678,11.281,0.557,1.789,1.1489,16.5819,19.15,19.34,0.79,2.538,F4.3,,,1.005,,Gaia_DR3,-7.537,5.111,-8.493,0.014,5.174,0.02,1
Gaia,DR3,5592820135558264960,111.2561582,-32.226609,10.57,,0.871,1.9243,23.2109,19.13,,,2.51,,,,1.206,,,-7.844,4.454,-8.104,0.024,4.074,0.031,0
Gaia,DR3,5588346158319772672,113.8052115,-34.9440442,17.102,2.317,3.893,3.167,22.7339,18.15,,,2.58,M2.4,,,1.067,,,-8.558,4.856,-9.234,0.064,6.863,0.064,0
Gaia,DR3,5604846593737822592,109.938053,-31.7879849,17.566,2.849,1.991,2.1432,23.1874,19.48,,,2.773,M3.8,,,1.071,,,-8.385,4.938,-7.567,0.074,5.766,0.085,0
Gaia,DR3,5605909688341690624,108.4439001,-30.7775511,17.422,3.03,0.862,3.4664,23.1986,19.94,,,2.617,M4.2,,,1.306,,,-7.61,4.575,-7.887,0.088,4.961,0.097,0
Gaia,DR3,5605391126870167424,110.7546163,-30.5909949,18.551,2.983,4.898,3.3677,23.1904,19.47,,,2.597,M4.1,,,1.043,,,-8.017,4.344,-6.235,0.13,2.341,0.14,0
Gaia,DR3,5588189409192336128,113.5360717,-35.5031627,16.622,2.527,0.458,3.1861,23.1706,18.12,,,2.709,M3.1,,,1.048,,,-8.932,5.225,-9.115,0.043,5.038,0.047,0
Gaia,DR3,5605031178550307072,108.9323683,-31.7896592,17.396,2.883,1.966,2.3727,23.0582,19.69,,,2.526,M3.9,,,0.994,,,-7.443,4.57,-7.953,0.083,5.484,0.077,0
Gaia,DR3,5592079721850602880,113.4287641,-33.056991,16.365,2.378,0.631,2.8517,22.9325,18.52,,,2.734,M2.6,,,0.991,,,-8.99,4.83,-9.321,0.036,4.982,0.043,0
Gaia,DR3,5592815707447340800,111.5095604,-32.1529703,17.523,2.864,0.783,2.0954,22.8841,19.08,,,2.517,M3.8,,,1.024,,,-7.917,4.436,-8.21,0.074,4.73,0.088,0
Gaia,DR3,5603798626013016576,106.3321966,-32.8912503,17.088,2.699,3.812,3.3656,22.9528,20.03,,,2.603,M3.5,,,0.987,,,-7.131,5.097,-5.794,0.054,6.706,0.058,0
Gaia,DR3,5604878449515075968,110.3211361,-31.829783,15.88,2.153,0.427,2.0964,22.8312,19.39,,,2.771,M1.4,,,0.93,,,-8.462,4.914,-8.322,0.03,5.121,0.034,0
Gaia,DR3,5590081806140309632,110.8246092,-34.5425528,16.713,2.504,0.593,0.8229,13.3488,18.86,,,2.724,M3.0,,,1.066,,,-8.425,5.312,-8.141,0.053,5.124,0.055,0
Gaia,DR3,5592616798921793664,111.5520792,-32.3391306,16.7,2.849,1.682,1.9609,22.7714,19.05,,,2.775,M3.8,,,1.878,,,-8.736,4.923,-9.614,0.076,5.366,0.09,0
Gaia,DR3,5592859172517133696,110.6485025,-32.0459908,6.795,-0.25,0.557,1.9187,13.6852,19.29,,,2.603,,,,0.95,,,-8.015,4.632,-8.123,0.034,4.918,0.044,0
Gaia,DR3,5592605696424233344,111.8146813,-32.4556121,16.033,2.138,0.523,2.0111,22.8011,18.97,,,2.515,M1.3,,,0.983,,,-7.968,4.463,-8.177,0.034,4.646,0.037,0
Gaia,DR3,5593139135667664384,112.7807833,-31.408578,16.46,2.496,0.701,3.3386,23.0172,18.9,,,2.597,M3.0,,,1.19,,,-8.414,4.344,-8.166,0.047,4.637,0.054,0
Gaia,DR3,5589220338779699712,110.3806594,-36.9445579,16.948,2.283,1.207,3.0271,23.1229,18.55,,,2.723,M2.2,,,1.042,,,-8.329,5.798,-7.726,0.06,6.138,0.057,0
Gaia,DR3,5591636339483886080,111.9064014,-33.6655285,19.531,2.92,2.589,1.4653,18.3042,18.77,,,2.75,M3.9,,,1.091,,,-8.731,5.103,-7.488,0.273,5.945,0.275,0
Gaia,DR3,5590761338686803584,109.3057101,-34.6295169,18.952,0.958,4.106,1.0053,23.258,19.16,,,2.802,G9.2,,,1.05,,,-8.336,5.607,-6.954,0.253,7.6,0.313,0
Gaia,DR3,5586708259651457792,112.4875406,-35.9355459,18.865,2.497,4.545,2.7678,24.5368,18.28,,,2.531,M3.0,,,0.993,,,-8.145,5.041,-8.728,0.167,2.688,0.161,0
Gaia,DR3,5590299131484503424,109.3666612,-35.4716944,17.274,2.778,2.238,1.6844,11.2032,19.01,,,2.645,M3.7,,,1.477,,,-7.883,5.446,-9.039,0.085,5.916,0.1,0
Gaia,DR3,5591774259475520256,112.4475278,-33.088147,16.931,2.771,1.511,2.0738,24.1206,18.74,,,2.784,M3.6,,,1.212,,,-8.952,5.009,-8.15,0.06,4.63,0.068,0
Gaia,DR3,5591427951973671424,113.5532177,-34.0164021,16.858,2.842,2.356,2.8069,24.173,18.35,,,2.752,M3.8,,,0.962,,,-9.076,5.031,-10.356,0.053,4.551,0.061,0
Gaia,DR3,5603825942004819456,106.0805075,-32.8684656,19.229,3.224,3.627,3.5732,24.2913,20.08,,,2.681,M4.7,,,1.06,,,-7.292,5.264,-5.41,0.216,6.079,0.242,0
Gaia,DR3,5603813018443602176,106.5057538,-32.5859692,18.143,2.892,4.185,3.343,24.3946,20.05,,,2.571,M3.9,,,1.036,,,-7.08,4.966,-5.419,0.104,6.511,0.122,0
Gaia,DR3,5604270140405344768,106.5184849,-31.8987467,18.566,2.93,4.737,3.673,24.4234,20.15,,,2.625,M4.0,,,1.109,,,-7.231,4.935,-5.132,0.166,6.506,0.183,0
Gaia,DR3,5590969451321025664,108.8451879,-34.4242282,18.937,3.046,3.777,1.2058,24.4444,19.29,,,2.486,M4.2,,,0.9,,,-7.306,4.972,-5.765,0.162,6.213,0.208,0
Gaia,DR3,5592690461899075328,110.8032808,-32.6499427,18.103,2.616,3.932,1.378,9.8973,19.16,,,2.611,M3.3,,,1.082,,,-8.07,4.746,-9.041,0.103,6.68,0.123,0
Gaia,DR3,5604314808063739776,107.6436209,-31.836468,17.547,2.796,3.044,2.9753,24.5191,19.94,,,2.746,M3.7,,,0.984,,,-7.811,5.071,-6.293,0.069,5.965,0.078,0
Gaia,DR3,5591010240631207936,108.7314194,-34.4448936,16.932,2.564,2.381,1.3,9.7348,19.31,,,2.669,M3.2,,,1.049,,,-7.822,5.352,-7.308,0.054,6.59,0.066,0
Gaia,DR3,5591691211990156544,112.9459405,-33.484366,17.711,3.118,1.51,2.3501,24.012,18.57,,,2.517,M4.4,,,1.076,,,-8.188,4.559,-8.758,0.113,3.996,0.118,0
Gaia,DR3,5590024391017836800,110.7254104,-35.2088786,15.252,1.586,4.375,1.3653,9.4864,18.77,,,2.658,K5.5,,,1.01,,,-8.198,5.312,-5.806,0.022,5.844,0.024,0
Gaia,DR3,5588793174214052608,114.602322,-34.0956016,18.501,2.91,3.278,3.6776,24.6612,18.1,,,2.614,M3.9,,,1.095,,,-8.822,4.703,-7.464,0.138,3.511,0.169,0
Gaia,DR3,5590492950470925312,107.8632987,-35.2508876,18.378,2.921,1.872,2.3178,24.6767,19.34,,,2.511,M3.9,,,1.017,,,-7.185,5.241,-6.303,0.125,4.79,0.147,0
Gaia,DR3,5592386515654987520,111.3679555,-33.6255228,18.696,3.211,2.139,1.0387,24.7056,18.89,,,2.482,M4.6,,,1.037,,,-7.778,4.639,-6.971,0.162,5.415,0.195,0
Gaia,DR3,5590077060198354048,110.8780703,-34.6406041,18.454,2.519,3.715,0.9262,8.6846,18.84,,,2.68,M3.1,,,0.919,,,-8.3,5.24,-9.291,0.13,3.389,0.128,0
Gaia,DR3,5590805181713016704,110.4019502,-34.644641,17.933,2.5,4.024,0.7472,7.9459,18.93,,,2.681,M3.0,,,1.051,,,-8.203,5.28,-10.052,0.094,3.956,0.116,0
Gaia,DR3,5592403386284718848,111.1156569,-33.5165899,18.13,3.151,2.42,0.8847,6.0025,18.96,,,2.628,M4.5,,,0.987,,,-8.185,4.912,-9.428,0.097,4.412,0.122,0
Gaia,DR3,5590905890106791552,110.4266184,-34.0543959,16.973,2.922,2.207,0.2501,4.9168,19.02,,,2.669,M3.9,,,1.215,,,-8.173,5.145,-7.027,0.06,5.623,0.069,0
Gaia,DR3,5591130151821320064,110.1577028,-33.4339442,18.039,3.121,1.241,0.4885,4.5746,19.18,,,2.659,M4.4,,,1.038,,,-8.088,5.031,-7.785,0.097,4.405,0.104,0
Gaia,DR3,5589999578990292352,111.6703356,-34.9898627,19.534,2.867,3.96,1.6337,11.295,18.61,,,2.615,M3.8,,,1.026,,,-8.256,5.11,-10.031,0.253,6.381,0.287,0
Gaia,DR3,5589141238364019072,110.3681547,-37.2891511,18.772,2.858,4.016,3.3707,23.9828,18.49,,,2.581,M3.8,,,0.998,,,-7.891,5.557,-10.001,0.153,4.985,0.167,0
Gaia,DR3,5604385799583458048,107.1923291,-31.4696755,18.789,2.782,3.696,3.5063,23.2846,20.09,,,2.656,M3.7,,,1.033,,,-7.459,4.863,-8.428,0.165,6.692,0.171,0
Gaia,DR3,5590731823670923136,109.2908058,-35.0972284,16.572,1.128,3.478,1.3805,12.4141,19.09,,,2.58,K2.2,,,0.967,,,-7.674,5.25,-6.09,0.063,6.285,0.076,0
Gaia,DR3,5592752962264873984,110.2752696,-32.4432294,19.836,2.318,3.922,1.4817,13.1422,19.31,,,2.7,M2.4,,,1.071,,,-8.235,4.909,-9.808,0.365,6.493,0.357,0
Gaia,DR3,5603553778518875136,107.8403894,-32.0972098,18.565,3.557,2.176,2.6736,23.3215,19.86,,,2.538,M5.4,,,0.999,,,-7.258,4.721,-8.261,0.139,5.312,0.151,0
Gaia,DR3,5593258222218862336,112.2197118,-31.115444,17.612,2.827,1.534,3.2959,23.3823,19.07,,,2.701,M3.7,,,0.985,,,-8.639,4.507,-9.236,0.076,3.87,0.076,0
Gaia,DR3,5586501658836312192,112.0908116,-36.9439151,16.811,,4.72,3.4025,23.5759,18.2,,,2.593,,,,1.237,,,-8.269,5.376,-5.762,0.063,4.765,0.077,0
Gaia,DR3,5592851166698244992,110.8779374,-32.1222042,17.386,2.998,1.263,1.8953,12.9888,19.22,,,2.615,M4.1,,,1.03,,,-8.097,4.65,-8.566,0.071,4.136,0.078,0
Gaia,DR3,5602684442777285760,107.9831938,-34.0056952,17.018,2.816,4.41,1.8159,12.9838,19.53,,,2.604,M3.7,,,1.852,,,-7.478,5.195,-5.615,0.106,6.741,0.113,0
Gaia,DR3,5590138976443871360,108.8013108,-36.462876,18.245,3.014,4.379,2.7759,23.6636,18.95,,,2.54,M4.1,,,0.989,,,-7.456,5.448,-5.488,0.122,6.722,0.14,0
Gaia,DR3,5590576925670333056,108.6275507,-34.9207025,17.739,2.783,2.907,1.6175,23.6952,19.25,,,2.498,M3.7,,,1.083,,,-7.301,5.101,-6.177,0.085,6.141,0.096,0
Gaia,DR3,5588212945613765376,112.7461469,-35.7507279,17.705,2.952,2.461,2.7949,23.6972,18.25,,,2.747,M4.0,,,1.066,,,-8.895,5.415,-7.555,0.078,4.927,0.083,0
Gaia,DR3,5590647333073099776,108.3091008,-34.5603068,16.115,1.969,2.331,1.6657,12.3533,19.37,,,2.599,M0.6,,,0.988,,,-7.531,5.265,-8.341,0.031,6.253,0.037,0
Gaia,DR3,5589102416157709952,109.747695,-37.377162,17.733,3.226,4.696,3.4719,23.9729,18.6,,,2.594,M4.7,,,1.017,,,-7.808,5.653,-5.47,0.086,6.716,0.1,0
Gaia,DR3,5586653662025359872,112.1558054,-36.4512579,18.401,2.931,4.413,3.0045,23.765,18.27,,,2.734,M4.0,,,1.021,,,-8.732,5.571,-11.137,0.121,6.4,0.134,0
Gaia,DR3,5591179977739857920,109.2864269,-33.3532216,16.461,2.28,2.13,0.9303,12.0994,19.37,,,2.566,M2.2,,,0.994,,,-7.632,4.905,-7.234,0.04,5.987,0.05,0
Gaia,DR3,5591191728765323904,109.622865,-33.2495892,16.704,,1.818,0.8128,12.012,19.32,,,2.564,,,,1.044,,,-7.692,4.858,-7.511,0.059,5.823,0.071,0
Gaia,DR3,5603270787415564032,108.4031302,-32.897807,17.611,2.845,3.305,1.796,11.9007,19.62,,,2.634,M3.8,,,1.06,,,-7.651,5.014,-6.323,0.072,6.28,0.087,0
Gaia,DR3,5590551503763299584,108.6821329,-35.1974517,17.724,2.877,3.782,1.7686,22.672,19.19,,,2.509,M3.8,,,1.002,,,-7.344,5.169,-5.73,0.079,6.352,0.089,0
Gaia,DR3,5586501074725843456,112.04018,-36.9860978,13.81,1.521,4.333,3.4213,23.9487,18.2,,,2.697,K5.3,,,1.433,,,-8.59,5.603,-8.644,0.017,3.14,0.019,0
Gaia,DR3,5591508250680300544,111.7799095,-34.6895545,17.917,2.91,1.983,1.535,11.4896,18.64,,,2.675,M3.9,,,0.994,,,-8.468,5.164,-7.663,0.087,5.94,0.101,0
Gaia,DR3,5586501624476573312,112.0904984,-36.9439061,17.681,,4.665,3.4024,23.9598,18.2,,,2.585,,,,1.183,,,-8.243,5.359,-5.839,0.14,4.533,0.206,0
Gaia,DR3,5603060883772761600,108.2044005,-33.9067639,19.573,2.371,4.263,1.6316,11.4587,19.5,,,2.665,M2.6,,,0.954,,,-7.698,5.28,-9.787,0.282,4.11,0.288,0
Gaia,DR3,5604741762171092224,109.9827937,-32.4282473,9.448,0.134,2.011,1.5023,22.7044,19.37,,,2.788,A3.6,,,1.3,,,-8.44,5.089,-7.916,0.024,6.148,0.027,0
Gaia,DR3,5593270114989173760,111.630287,-31.4564932,16.516,2.407,0.544,2.7549,21.6607,19.16,,,2.561,M2.7,,,1.013,,,-8.076,4.378,-8.196,0.038,4.646,0.049,0
Gaia,DR3,5591269347419800192,112.9171862,-34.9002848,16.197,1.892,4.252,2.468,22.6334,18.35,,,2.534,M0.3,,,1.006,,,-8.238,4.836,-6.089,0.035,5.574,0.041,0
Gaia,DR3,5605054440093708032,109.2536121,-31.473729,16.166,2.254,0.451,2.5672,20.6512,19.67,,,2.56,M2.0,,,1.022,,,-7.606,4.55,-7.712,0.033,4.769,0.043,0
Gaia,DR3,5602522986366381952,107.4421057,-35.0122111,17.059,2.797,4.216,2.4993,16.5877,19.46,,,2.63,M3.7,,,1.03,,,-7.44,5.478,-5.402,0.053,6.623,0.059,0
Gaia,DR3,5603528524112146816,108.7204417,-31.9026124,17.605,3.074,3.738,2.3581,19.7696,19.71,,,2.557,M4.3,,,1.01,,,-7.491,4.661,-6.42,0.085,6.368,0.087,0
Gaia,DR3,5590242163036023424,109.0030455,-36.1046455,16.984,2.406,2.768,2.3825,19.8527,18.97,,,2.557,M2.7,,,0.998,,,-7.549,5.406,-6.158,0.055,5.948,0.067,0
Gaia,DR3,5589713882062975360,112.1429511,-35.774225,16.327,1.865,4.883,2.4596,16.4491,18.38,,,2.656,M0.2,,,0.974,,,-8.478,5.291,-11.047,0.039,4.358,0.044,0
Gaia,DR3,5602801983144447616,106.5882612,-34.3081668,18.314,2.676,3.237,2.9905,19.9006,19.75,,,2.625,M3.4,,,1.063,,,-7.247,5.396,-5.833,0.112,6.497,0.122,0
Gaia,DR3,5590719729042730624,110.0476993,-34.7818795,17.369,3.127,1.264,0.8655,19.9057,18.99,,,2.776,M4.4,,,1.024,,,-8.42,5.525,-9.068,0.062,5.166,0.07,0
Gaia,DR3,5590792846565785088,109.5925837,-34.4207403,15.468,1.898,2.336,0.6906,19.9084,19.14,,,2.779,M0.3,,,1.004,,,-8.329,5.497,-7.171,0.025,6.224,0.026,0
Gaia,DR3,5590545628247977984,108.3896004,-35.0981756,17.554,3.084,3.872,1.8804,19.9469,19.27,,,2.534,M4.3,,,1.626,,,-7.357,5.223,-5.487,0.125,6.107,0.147,0
Gaia,DR3,5591001405881316992,109.4621603,-34.0970093,18.439,2.698,3.049,0.6125,20.0032,19.22,,,2.507,M3.5,,,1.101,,,-7.49,4.912,-6.412,0.139,6.11,0.162,0
Gaia,DR3,5592609682155697280,111.6632585,-32.5283551,17.422,2.764,0.895,1.8715,20.0197,18.99,,,2.752,M3.6,,,1.014,,,-8.687,4.91,-9.141,0.065,4.658,0.075,0
Gaia,DR3,5592082431965745408,112.9621928,-33.2346544,17.881,2.884,1.277,2.4253,16.196,18.6,,,2.654,M3.9,,,0.981,,,-8.636,4.76,-8.102,0.083,5.234,0.089,0
Gaia,DR3,5591020617272571264,108.9111087,-34.1937036,17.377,2.757,3.627,1.078,20.1455,19.31,,,2.512,M3.6,,,1.078,,,-7.397,4.979,-5.827,0.075,6.086,0.095,0
Gaia,DR3,5589575442378740096,111.5615377,-36.5267727,19.108,2.837,4.94,2.8415,20.1817,18.38,,,2.59,M3.8,,,1.086,,,-8.154,5.341,-5.726,0.235,4.168,0.232,0
Gaia,DR3,5589659284437840768,110.8291286,-36.0355114,18.751,3.269,1.625,2.181,20.1871,18.61,,,2.741,M4.8,,,1.028,,,-8.476,5.625,-9.077,0.156,4.904,0.187,0
Gaia,DR3,5589700408746230016,111.9428205,-35.8430508,17.456,2.802,1.558,2.4089,20.197,18.41,,,2.728,M3.7,,,0.986,,,-8.669,5.466,-7.852,0.073,5.098,0.086,0
Gaia,DR3,5602624996131365888,107.4702334,-34.7350425,16.423,2.436,2.569,2.3732,16.0529,19.51,,,2.662,M2.8,,,0.998,,,-7.536,5.489,-6.85,0.041,6.757,0.047,0
Gaia,DR3,5604749944091783040,109.5985237,-32.4665048,18.801,3.172,1.845,1.5325,16.0522,19.45,,,2.554,M4.5,,,1.084,,,-7.656,4.697,-6.878,0.16,5.314,0.2,0
Gaia,DR3,5590792842269106304,109.5946021,-34.417709,16.908,2.394,2.682,0.6873,20.3651,19.14,,,2.782,M2.7,,,0.976,,,-8.341,5.503,-7.034,0.052,6.379,0.052,0
Gaia,DR3,5591030375437747328,108.4039638,-34.262138,17.77,2.881,5.0,1.5018,15.9955,19.4,,,2.553,M3.9,,,0.982,,,-7.416,5.11,-5.265,0.093,6.727,0.103,0
Gaia,DR3,5592828008233842176,111.2107847,-31.9819577,15.922,2.125,0.953,2.1277,20.4554,19.17,,,2.539,M1.2,,,1.025,,,-7.927,4.466,-8.254,0.03,4.857,0.034,0
Gaia,DR3,5591304256914738688,112.2361294,-34.9183537,6.891,-0.156,2.611,1.9737,20.4847,18.5,,,2.533,B4.8,,,1.18,,,-8.104,4.891,-8.807,0.042,3.688,0.045,0
Gaia,DR3,5602966772448515328,107.1815165,-33.3515502,19.906,3.224,3.963,2.553,20.5052,19.79,,,2.723,M4.7,,,0.975,,,-7.645,5.363,-5.754,0.344,6.627,0.398,0
Gaia,DR3,5602740449152100736,107.7789449,-33.7899709,18.036,2.039,4.907,1.9903,20.5632,19.61,,,2.533,M0.8,,,1.079,,,-7.231,5.028,-5.073,0.111,6.513,0.133,0
Gaia,DR3,5602973545617694592,106.6281787,-33.6983136,18.065,2.97,3.32,2.9515,20.5972,19.84,,,2.595,M4.0,,,1.064,,,-7.172,5.216,-6.059,0.103,6.652,0.121,0
Gaia,DR3,5605223249490609024,109.3561012,-30.9480133,17.044,2.05,4.927,3.0526,20.6124,19.72,,,2.612,M0.8,,,1.012,,,-7.782,4.535,-5.37,0.055,5.778,0.062,0
Gaia,DR3,5590566037932365824,108.8194674,-34.9049513,17.548,3.144,1.861,1.4858,19.7345,19.21,,,2.762,M4.5,,,1.233,,,-8.113,5.621,-7.368,0.104,6.408,0.111,0
Gaia,DR3,5603137368549875328,107.7412293,-33.3882468,18.911,3.341,4.532,2.0913,16.601,19.68,,,2.576,M5.0,,,1.04,,,-7.348,5.042,-5.128,0.168,6.104,0.175,0
Gaia,DR3,5590494294797437056,107.7012982,-35.3046896,17.92,3.036,4.139,2.4576,16.6063,19.36,,,2.616,M4.2,,,1.065,,,-7.453,5.483,-5.479,0.099,6.629,0.111,0
Gaia,DR3,5602666919307191552,108.1850858,-34.1704838,17.663,2.583,4.725,1.6636,17.61,19.46,,,2.545,M3.2,,,1.215,,,-7.35,5.094,-5.384,0.101,6.695,0.096,0
Gaia,DR3,5590539306056303232,108.017072,-35.2597413,16.77,3.018,4.061,2.2205,18.3485,19.31,,,2.564,M4.2,,,1.034,,,-7.37,5.343,-5.625,0.049,6.676,0.057,0
Gaia,DR3,5589931684146093568,110.4163529,-35.3250758,17.306,2.737,3.248,1.4173,18.5348,18.82,,,2.531,M3.6,,,0.971,,,-7.747,5.103,-6.231,0.063,5.943,0.071,0
Gaia,DR3,5586710944008298112,112.4141532,-35.9442197,17.086,2.824,3.26,2.7333,18.0866,18.29,,,2.64,M3.7,,,1.447,,,-8.481,5.266,-9.437,0.074,6.808,0.079,0
Gaia,DR3,5603537900020530560,107.8534116,-32.3234442,18.335,3.033,2.779,2.5142,18.6894,19.82,,,2.7,M4.2,,,1.019,,,-7.725,5.067,-7.072,0.14,6.508,0.14,0
Gaia,DR3,5592737397301719808,110.2700884,-32.6413294,17.434,2.726,0.688,1.2837,17.9089,19.28,,,2.532,M3.5,,,1.062,,,-7.722,4.64,-7.978,0.07,4.904,0.079,0
Gaia,DR3,5603014360686142208,106.8765624,-33.1776167,19.491,3.063,4.926,2.8442,18.8774,19.88,,,2.65,M4.3,,,1.006,,,-7.376,5.208,-4.905,0.259,6.42,0.273,0
Gaia,DR3,5603442105069616256,107.7291379,-32.422862,18.467,2.989,3.087,2.5344,17.8265,19.83,,,2.682,M4.1,,,1.017,,,-7.647,5.061,-8.985,0.134,3.941,0.136,0
Gaia,DR3,5591113869603402368,110.0306599,-33.7989557,17.607,2.693,1.506,0.1694,1.4041,19.15,,,2.631,M3.5,,,0.961,,,-7.975,5.055,-7.334,0.072,5.59,0.087,0
Gaia,DR3,5590794938213222144,109.689099,-34.3591203,18.817,2.981,3.126,0.5912,19.0133,19.13,,,2.513,M4.1,,,1.05,,,-7.553,4.954,-6.2,0.17,5.909,0.186,0
Gaia,DR3,5603116275970767360,107.8758676,-33.7073409,15.39,2.135,0.808,1.9184,19.0691,19.6,,,2.543,M1.3,,,2.069,,,-7.279,5.025,-6.978,0.041,4.715,0.05,0
Gaia,DR3,5590987425764616064,109.3643661,-34.201385,16.373,2.586,3.7,0.7237,17.6452,19.22,,,2.524,M3.2,,,1.083,,,-7.52,4.97,-5.561,0.039,4.777,0.044,0
Gaia,DR3,5591234918961312768,112.7320633,-35.2441027,14.9,1.558,1.388,2.4888,17.5421,18.34,,,2.682,K5.4,,,0.991,,,-8.68,5.196,-9.186,0.02,4.596,0.022,0
Gaia,DR3,5603207806014664832,108.7827007,-33.0224802,18.78,2.799,4.208,1.4661,19.7042,19.53,,,2.523,M3.7,,,1.015,,,-7.404,4.799,-8.093,0.165,6.929,0.175,0
Gaia,DR3,5590408597311527680,107.5334827,-35.8040288,18.702,3.369,4.415,2.8672,19.286,19.31,,,2.616,M5.0,,,0.969,,,-7.418,5.589,-5.304,0.157,6.795,0.153,0
Gaia,DR3,5586697200113102720,112.6795647,-35.9542529,14.564,1.855,1.033,2.8911,19.3654,18.24,,,2.661,M0.1,,,1.341,,,-8.603,5.287,-9.089,0.022,4.972,0.023,0
Gaia,DR3,5591016489802360064,108.6374568,-34.2642517,18.998,2.699,2.376,1.3147,19.3678,19.36,,,2.522,M3.5,,,1.043,,,-7.372,5.032,-6.657,0.205,6.073,0.246,0
Gaia,DR3,5593202563741897984,111.8924685,-31.7907741,17.545,2.844,1.379,2.576,17.2648,19.05,,,2.62,M3.8,,,0.994,,,-8.316,4.522,-9.032,0.069,4.781,0.085,0
Gaia,DR3,5602956125228870144,107.1869794,-33.4853574,17.471,2.03,3.944,2.52,17.0973,19.77,,,2.613,M0.8,,,0.982,,,-7.338,5.172,-5.55,0.088,6.405,0.107,0
Gaia,DR3,5590788448519329920,109.6839042,-34.5185266,17.119,2.853,3.432,0.7192,17.0711,19.1,,,2.528,M3.8,,,0.978,,,-7.594,5.01,-5.988,0.057,5.883,0.057,0
Gaia,DR3,5591336658148533376,112.7075621,-34.6135391,16.953,3.014,2.657,2.2077,16.9689,18.45,,,2.58,M4.1,,,1.14,,,-8.345,4.89,-9.761,0.058,4.601,0.065,0
Gaia,DR3,5604912912333200384,110.7835812,-31.486997,16.699,2.418,1.001,2.4894,16.9621,19.34,,,2.611,M2.8,,,1.056,,,-8.067,4.533,-7.569,0.045,4.768,0.05,0
Gaia,DR3,5592895864413145856,110.8126069,-31.7369402,15.566,1.905,0.826,2.251,16.9516,19.29,,,2.583,M0.3,,,1.002,,,-7.987,4.529,-8.312,0.03,4.84,0.029,0
Gaia,DR3,5591234025608169728,112.6114394,-35.2606861,16.917,2.778,0.835,2.4143,16.8274,18.36,,,2.676,M3.7,,,1.019,,,-8.638,5.198,-8.386,0.055,4.8,0.055,0
Gaia,DR3,5591100808600893312,109.4602813,-33.8886982,17.931,3.211,3.557,0.5903,16.6743,19.25,,,2.529,M4.6,,,1.016,,,-7.554,4.917,-5.971,0.096,5.961,0.108,0
Gaia,DR3,5589592626546082944,111.4940791,-36.3243763,15.622,1.951,0.588,2.6347,20.6389,18.43,,,2.719,M0.5,,,1.056,,,-8.546,5.575,-8.669,0.029,5.261,0.028,0
Gaia,DR3,5602974950066393984,106.4456805,-33.7628172,17.739,2.861,4.765,3.0976,20.6562,19.87,,,2.658,M3.8,,,0.941,,,-7.308,5.369,-4.97,0.081,6.659,0.087,0
Gaia,DR3,5603754164511855744,106.4109283,-33.226098,17.639,2.8,4.921,3.2085,22.5751,19.96,,,2.695,M3.7,,,1.02,,,-7.402,5.34,-5.29,0.083,7.172,0.086,0
Gaia,DR3,5592868587085432832,110.62631,-31.9469931,17.206,2.978,0.56,2.012,15.8074,19.3,,,2.58,M4.1,,,1.098,,,-7.94,4.575,-8.144,0.063,4.802,0.073,0
Gaia,DR3,5602755395636604928,107.4717019,-33.7251404,18.462,2.923,4.459,2.2506,14.9582,19.68,,,2.648,M3.9,,,1.001,,,-7.497,5.267,-5.294,0.141,6.426,0.166,0
Gaia,DR3,5593011832835083008,112.2154347,-31.8469041,7.104,-0.212,3.479,2.6937,21.6415,18.97,,,2.728,B1.1,,,1.571,,,-8.724,4.692,-10.667,0.055,4.217,0.06,0
Gaia,DR3,5592557494012855936,111.410139,-33.0365429,16.147,2.164,1.722,1.3615,21.6726,18.97,,,2.507,M1.4,,,0.965,,,-7.865,4.58,-6.997,0.035,4.854,0.037,0
Gaia,DR3,5590727077726556672,109.4051894,-35.2276591,18.255,3.077,4.445,1.4494,14.7336,19.04,,,2.562,M4.3,,,1.015,,,-7.642,5.227,-5.485,0.115,6.281,0.136,0
Gaia,DR3,5602964062324617344,107.3379215,-33.3923593,17.209,2.605,4.311,2.4164,21.7211,19.76,,,2.54,M3.3,,,1.044,,,-7.165,5.001,-5.376,0.059,6.46,0.07,0
Gaia,DR3,5589500336287490304,109.6332008,-36.2259771,16.89,2.776,4.026,2.3452,21.7376,18.83,,,2.749,M3.6,,,1.473,,,-8.25,5.782,-6.115,0.075,6.725,0.085,0
Gaia,DR3,5590334002320643968,108.7174089,-35.5019329,17.763,2.942,4.206,1.9803,14.557,19.13,,,2.683,M4.0,,,1.071,,,-7.859,5.581,-5.678,0.095,6.53,0.114,0
Gaia,DR3,5603152491134340096,108.1914838,-33.3126479,17.848,3.091,3.851,1.7571,21.8151,19.6,,,2.515,M4.3,,,1.042,,,-7.264,4.878,-5.416,0.098,5.746,0.109,0
Gaia,DR3,5603145000704927232,107.9825382,-33.2506332,16.801,2.143,4.742,1.9424,14.5269,19.65,,,2.592,M1.3,,,1.793,,,-7.442,5.03,-5.513,0.103,6.76,0.105,0
Gaia,DR3,5591191728770204928,109.6222314,-33.2540698,17.135,2.942,1.949,0.8094,14.5048,19.32,,,2.546,M4.0,,,0.975,,,-7.639,4.825,-7.02,0.056,5.668,0.069,0
Gaia,DR3,5604210182660156160,107.187719,-32.1425978,19.04,,4.062,3.069,21.8986,19.98,,,2.699,,,,1.058,,,-7.579,5.076,-5.688,0.232,6.404,0.232,0
Gaia,DR3,5592358207527679872,111.2142229,-33.9242582,16.459,2.394,1.169,0.8661,14.4955,18.88,,,2.733,M2.7,,,1.004,,,-8.533,5.178,-7.887,0.041,5.369,0.051,0
Gaia,DR3,5586676652987850368,112.0696167,-36.2387084,17.781,3.098,1.29,2.7893,21.9953,18.32,,,2.726,M4.4,,,1.059,,,-8.687,5.523,-9.175,0.093,4.965,0.112,0
Gaia,DR3,5591191728770203008,109.623402,-33.2494011,15.692,1.998,2.579,0.8127,14.3607,19.32,,,2.547,M0.7,,,1.085,,,-7.642,4.826,-6.866,0.028,5.973,0.034,0
Gaia,DR3,5592852575447289856,110.8139553,-32.0466848,8.241,-0.141,0.464,1.9518,14.3508,19.25,,,2.595,B5.7,,,0.981,,,-8.024,4.606,-7.835,0.031,4.776,0.036,0
Gaia,DR3,5603046040363562496,108.2498773,-34.0484599,18.103,2.935,3.964,1.5974,22.0308,19.47,,,2.51,M4.0,,,1.045,,,-7.259,4.996,-5.849,0.104,6.548,0.107,0
Gaia,DR3,5592183591342459008,113.2297953,-32.4344339,16.479,2.399,1.392,2.9613,22.171,18.65,,,2.57,M2.7,,,0.993,,,-8.413,4.446,-9.122,0.04,4.703,0.05,0
Gaia,DR3,5602635200974098688,107.723393,-34.5207037,16.924,2.51,4.174,2.1099,14.3443,19.49,,,2.661,M3.1,,,1.076,,,-7.587,5.427,-5.404,0.052,6.275,0.068,0
Gaia,DR3,5592827939514357888,111.2240928,-31.9866211,15.411,1.904,0.552,2.128,14.2912,19.17,,,2.622,M0.3,,,1.045,,,-8.187,4.611,-7.903,0.023,4.5,0.027,0
Gaia,DR3,5591478495149890432,113.2875515,-33.9387204,17.134,2.917,1.736,2.5863,22.2579,18.42,,,2.742,M3.9,,,1.076,,,-8.989,5.021,-9.722,0.059,4.336,0.064,0
Gaia,DR3,5603135032087404288,107.6971823,-33.4765805,17.15,2.637,4.406,2.1053,14.1535,19.67,,,2.621,M3.4,,,1.03,,,-7.467,5.15,-5.443,0.06,6.503,0.059,0
Gaia,DR3,5592389062573489792,111.6438542,-33.634122,16.056,2.128,0.635,1.2582,14.0976,18.83,,,2.56,M1.2,,,0.951,,,-8.078,4.766,-8.38,0.034,4.605,0.036,0
Gaia,DR3,5591777798528761728,112.4030664,-33.0129711,17.586,2.375,3.462,2.0725,22.4586,18.76,,,2.52,M2.6,,,1.055,,,-8.095,4.525,-6.331,0.075,5.047,0.099,0
Gaia,DR3,5592228941893190400,113.7775837,-32.3619721,18.89,2.609,4.293,3.3993,22.4929,18.54,,,2.638,M3.3,,,1.096,,,-8.744,4.507,-9.952,0.168,2.448,0.174,0
Gaia,DR3,5591817213443532416,114.2790506,-33.8353713,18.975,,4.233,3.4119,22.5738,18.21,,,2.64,,,,1.019,,,-8.846,4.731,-10.583,0.343,6.322,0.22,0
Gaia,DR3,5590624754427883008,108.378204,-34.7376505,16.966,2.95,3.394,1.6897,14.9756,19.33,,,2.57,M4.0,,,1.105,,,-7.46,5.233,-6.314,0.064,6.671,0.067,0
Gaia,DR3,5603034014455025920,106.8501016,-33.0338285,18.773,3.124,4.626,2.9083,21.6042,19.91,,,2.71,M4.4,,,1.028,,,-7.538,5.299,-5.328,0.151,6.748,0.179,0
Gaia,DR3,5602690283933383680,107.2013109,-34.5038744,17.238,2.64,4.098,2.5231,21.5335,19.6,,,2.548,M3.4,,,1.007,,,-7.157,5.23,-5.308,0.058,6.422,0.064,0
Gaia,DR3,5590052630425937280,110.7636432,-34.7922666,17.863,2.922,2.433,0.9983,21.1466,18.83,,,2.784,M3.9,,,1.093,,,-8.598,5.482,-7.348,0.104,6.174,0.124,0
Gaia,DR3,5603066901026966912,108.1409678,-33.7357175,17.122,2.694,3.555,1.6961,15.6419,19.54,,,2.564,M3.5,,,0.992,,,-7.395,5.054,-6.062,0.052,6.439,0.061,0
Gaia,DR3,5591291676947787520,112.2676093,-35.1899382,18.225,2.968,1.183,2.1423,20.8393,18.45,,,2.749,M4.0,,,1.031,,,-8.803,5.358,-8.253,0.124,4.947,0.124,0
Gaia,DR3,5604890269265077760,110.3067443,-31.816626,16.927,2.821,1.021,2.1088,15.5113,19.39,,,2.686,M3.7,,,1.373,,,-8.201,4.762,-7.783,0.065,5.162,0.079,0
Gaia,DR3,5590130425170240768,108.7221947,-36.6891089,18.707,2.556,4.633,3.0085,20.9054,18.92,,,2.685,M3.2,,,1.003,,,-7.868,5.81,-9.14,0.153,3.516,0.195,0
Gaia,DR3,5590469345328353152,107.0320372,-35.6485378,18.668,3.41,2.801,3.1019,20.954,19.43,,,2.67,M5.1,,,0.969,,,-7.466,5.713,-6.639,0.146,7.056,0.173,0
Gaia,DR3,5603374901722679168,108.0890132,-32.6657359,15.913,2.223,2.808,2.146,20.9552,19.72,,,2.75,M1.8,,,1.174,,,-7.92,5.212,-6.426,0.037,5.858,0.044,0
Gaia,DR3,5589464494782977664,109.2287353,-36.6393365,18.532,1.951,4.289,2.8236,20.9679,18.83,,,2.708,M0.5,,,2.654,,,-8.04,5.806,-9.687,0.411,7.618,0.44,0
Gaia,DR3,5592886110553681024,111.1732453,-31.7826815,7.624,-0.142,1.888,2.2995,15.2884,19.21,,,2.629,B5.7,,,1.015,,,-8.199,4.589,-7.449,0.045,5.319,0.049,0
Gaia,DR3,5592891401952894080,110.8805084,-31.8392439,16.536,2.824,0.491,2.1667,21.0552,19.27,,,2.535,M3.7,,,1.072,,,-7.851,4.458,-7.666,0.044,4.643,0.051,0
Gaia,DR3,5586655246873134848,112.2579109,-36.5005105,16.706,2.576,0.854,3.0911,21.0789,18.24,,,2.605,M3.2,,,0.959,,,-8.34,5.309,-7.945,0.046,5.056,0.051,0
Gaia,DR3,5590571020094385536,108.6063266,-34.9448549,17.684,2.8,4.212,1.6461,21.087,19.25,,,2.518,M3.7,,,1.03,,,-7.353,5.147,-5.771,0.081,6.726,0.097,0
Gaia,DR3,5592838075638030592,110.7859506,-32.3745126,16.342,2.315,0.724,1.6313,15.0355,19.21,,,2.567,M2.4,,,0.979,,,-7.93,4.617,-8.056,0.037,4.988,0.046,0
Gaia,DR3,5588196556018629504,112.9223738,-35.8694587,17.527,2.3,4.233,2.9807,21.5126,18.2,,,2.582,M2.3,,,0.983,,,-8.392,5.094,-6.587,0.069,3.664,0.081,0
Gaia,DR3,5591869852570174592,113.3783269,-33.6682917,18.05,2.556,2.794,2.6778,21.1966,18.44,,,2.561,M3.2,,,1.069,,,-8.412,4.635,-7.508,0.095,3.427,0.109,0
Gaia,DR3,5592117135302787840,113.4391716,-32.866623,19.707,2.849,4.879,2.926,21.2038,18.54,,,2.702,M3.8,,,0.98,,,-8.887,4.737,-6.918,0.269,6.698,0.365,0
Gaia,DR3,5592671460970565120,110.8587211,-32.9117946,18.329,2.434,4.296,1.1624,21.2346,19.11,,,2.506,M2.8,,,1.002,,,-7.757,4.598,-8.274,0.11,2.388,0.142,0
Gaia,DR3,5592868307907534848,110.651781,-31.9649095,17.974,2.892,1.144,1.9987,21.2721,19.3,,,2.527,M3.9,,,0.99,,,-7.782,4.482,-8.28,0.1,4.834,0.106,0
Gaia,DR3,5589247757851949568,110.3779486,-36.5059981,16.968,1.288,2.61,2.5892,21.2806,18.63,,,2.73,K3.7,,,1.049,,,-8.35,5.731,-6.885,0.069,6.062,0.083,0
Gaia,DR3,5605008226248861824,110.2406638,-30.8647081,16.725,2.563,0.718,3.0582,21.2838,19.54,,,2.687,M3.2,,,0.968,,,-8.19,4.585,-7.955,0.047,4.918,0.058,0
Gaia,DR3,5603123693373651328,108.1182052,-33.5078455,19.079,3.209,3.835,1.7566,21.3227,19.58,,,2.519,M4.6,,,0.955,,,-7.26,4.926,-5.599,0.207,6.103,0.242,0
Gaia,DR3,5603423829981629952,107.1264468,-32.670644,18.383,,4.575,2.8353,21.3561,19.91,,,2.571,,,,1.128,,,-7.206,4.939,-5.135,0.155,6.302,0.216,0
Gaia,DR3,5593274135078609152,111.4980961,-31.3866921,17.292,2.732,1.0,2.771,21.396,19.19,,,2.719,M3.6,,,1.014,,,-8.547,4.645,-9.071,0.059,4.878,0.069,0
Gaia,DR3,5603085828943645696,108.8526067,-33.5928745,17.813,2.769,2.788,1.1441,21.4755,19.42,,,2.504,M3.6,,,1.065,,,-7.363,4.861,-5.928,0.091,5.189,0.107,0
Gaia,DR3,5605177551036987904,109.4548535,-30.9598732,16.188,2.314,0.984,3.0233,21.479,19.7,,,2.696,M2.4,,,1.013,,,-8.052,4.676,-7.777,0.034,5.162,0.038,0
Gaia,DR3,5592847352767303680,110.8828636,-32.2020421,5.357,-0.226,3.4,1.8209,18.992,19.21,,,2.54,B0.0,,,1.379,,,-7.865,4.53,-6.208,0.101,5.285,0.116,0
