Gaia DR3,RA,DEC,Gmag,Bp-Rp,Voff(km/s),Sep(deg),3D(pc),Vr(pred),Vr(obs),Vrerr,Plx(mas),SpT,FnuvJ,W1-W3,RUWE,XCrate,RVsrc
Gaia DR3 1490845584382687232,217.3919946,39.7903982,8.918,1.030,0.000,0.0000,0.0000,-13.08,-13.08,0.15,23.805,K1.4,nan,nan,0.976,nan,Gaia DR3
Gaia DR3 1484502295643717888,215.2861808,37.4009180,8.654,1.033,2.097,2.9012,3.7225,-12.32,-15.85,0.14,25.708,K1.5,nan,nan,0.961,nan,Gaia DR3
Gaia DR3 1491264356582462080,218.1186825,40.4996932,19.237,3.785,3.743,0.9009,3.8332,-13.32,nan,nan,21.844,M5.8,nan,nan,1.114,nan,None
Gaia DR3 1493071270795543552,218.9867209,42.9793010,15.568,3.429,3.730,3.4058,5.0855,-13.61,nan,nan,26.665,M5.1,nan,nan,1.109,nan,None
Gaia DR3 1489976179921954432,219.7152379,42.2288678,11.776,2.094,1.467,3.0030,5.1358,-13.82,nan,nan,26.803,M1.0,nan,nan,1.669,nan,None
Gaia DR3 1506059939093118080,213.4438538,46.3063908,12.075,2.354,3.526,7.1238,5.7566,-12.01,-15.47,2.90,25.488,M2.5,nan,nan,1.427,nan,Gaia DR3
Gaia DR3 1506060076532072192,213.4629530,46.3252075,7.053,0.682,3.467,7.1352,5.7876,-12.02,-14.57,0.13,25.524,F7.5,nan,nan,1.049,nan,Gaia DR3
Gaia DR3 1500434116051163904,207.3734901,41.6270203,16.600,4.484,0.185,7.8083,6.1217,-9.95,nan,nan,25.378,M6.7,nan,nan,1.269,nan,None
Gaia DR3 1488431297366254464,219.3721370,41.4763392,12.594,2.406,3.129,2.2583,6.2407,-13.72,-16.84,1.71,20.837,M2.7,nan,nan,3.809,nan,Gaia DR3
Gaia DR3 1292097003552606464,227.6861898,36.8069670,12.689,2.569,4.455,8.6057,6.6500,-16.23,-17.71,0.56,25.404,M3.2,nan,nan,1.415,nan,Gaia DR3
Gaia DR3 1483119487973123328,208.7500511,35.4077411,13.602,2.946,4.597,8.1236,6.7900,-9.97,-20.95,29.81,22.280,M4.0,nan,nan,1.965,nan,Gaia DR3
Gaia DR3 1501788881878538496,203.8538825,43.7705186,14.781,2.974,1.469,10.8355,7.9100,-8.98,-4.59,9.98,23.974,M4.1,nan,nan,0.916,nan,Gaia DR3
Gaia DR3 1501788130259330688,203.8581833,43.7657168,10.490,1.567,1.895,10.8312,7.9391,-8.98,-10.66,0.19,23.750,K5.4,nan,nan,1.016,nan,Gaia DR3
Gaia DR3 1454350761936211200,211.5173586,31.5209911,19.343,3.592,4.631,9.5426,7.9867,-10.65,nan,nan,26.655,M5.5,nan,nan,1.089,nan,None
Gaia DR3 1501788886175060608,203.8536299,43.7704008,14.827,2.979,2.494,10.8357,8.0153,-8.98,-19.37,4.99,23.458,M4.1,nan,nan,1.177,nan,Gaia DR3
Gaia DR3 1604497497141168768,215.8720998,50.4665271,14.724,3.059,4.922,10.7292,8.3750,-12.70,-21.84,3.13,22.589,M4.3,nan,nan,1.266,nan,Gaia DR3
Gaia DR3 1549259098113618688,202.2628853,42.2381820,7.507,0.741,1.700,11.6583,8.5315,-8.34,-9.54,0.12,24.822,F9.3,nan,nan,0.922,nan,Gaia DR3
Gaia DR3 1475571267632425600,203.7136445,37.7719096,12.663,2.816,3.291,10.8409,8.9412,-8.42,-5.90,1.24,26.974,M3.7,nan,nan,8.985,nan,Gaia DR3
Gaia DR3 1476485996883837184,201.2826037,38.9223634,9.684,1.260,0.378,12.4694,9.2054,-7.70,-7.14,0.15,23.480,K3.5,nan,nan,0.962,nan,Gaia DR3
Gaia DR3 1389261735157949440,230.9782444,40.8685182,20.768,1.963,2.286,10.4026,9.6812,-17.08,nan,nan,21.127,M0.5,nan,nan,1.231,nan,None
Gaia DR3 1291109504671837824,229.6859091,35.9487659,11.071,1.689,1.281,10.4263,9.7936,-16.84,-16.86,0.23,21.058,K5.9,nan,nan,1.061,nan,Gaia DR3
Gaia DR3 1552488776081383040,204.0066956,48.4793229,14.066,-0.137,4.178,12.9191,10.2412,-9.36,nan,nan,27.129,B5.9,nan,nan,1.048,nan,None
Gaia DR3 1499506540553955072,209.1860045,43.2943895,14.181,2.647,4.334,7.0663,10.3347,-10.62,-21.32,1.74,19.748,M3.4,nan,nan,1.212,nan,Gaia DR3
Gaia DR3 1258492079916321152,210.4188805,25.7482798,13.575,2.813,3.371,15.2040,11.1460,-9.72,-2.68,1.60,25.743,M3.7,nan,nan,1.148,nan,Gaia DR3
Gaia DR3 1397457048152981632,235.9273964,44.8478104,12.372,2.278,1.538,14.5684,11.3428,-18.11,-17.41,3.15,22.331,M2.2,nan,nan,1.220,nan,Gaia DR3
Gaia DR3 1272051188593078912,230.3297955,28.8414467,14.211,2.933,2.180,15.2669,11.4064,-16.99,-10.98,1.64,23.089,M4.0,nan,nan,1.111,nan,Gaia DR3
Gaia DR3 1278340773059748608,228.9881982,33.1015022,13.184,2.725,2.778,11.4626,11.7644,-16.63,-19.97,2.38,20.219,M3.5,nan,nan,5.242,nan,Gaia DR3
Gaia DR3 1278423305151962368,228.8530465,33.7878405,12.809,2.319,3.025,10.9530,11.7756,-16.59,-11.73,1.38,20.040,M2.4,nan,nan,3.278,nan,Gaia DR3
Gaia DR3 1473478385905454976,201.4790302,35.7783245,12.223,2.336,3.043,13.1794,11.7787,-7.43,-2.04,0.41,29.373,M2.5,nan,nan,1.810,nan,Gaia DR3
Gaia DR3 1398218223733415552,236.7235172,46.9862888,7.024,0.900,4.540,15.7257,11.8774,-18.10,-22.02,0.14,26.989,G8.0,nan,nan,0.935,nan,Gaia DR3
Gaia DR3 1254447492033650816,217.3761537,23.2459641,16.071,3.526,2.118,16.5444,11.9667,-12.14,nan,nan,24.628,M5.3,nan,nan,1.030,nan,None
Gaia DR3 1499696549907455360,210.0446041,44.8111988,9.730,1.627,3.638,7.3930,12.0235,-10.96,2.73,0.15,32.343,K5.6,nan,nan,1.062,nan,Gaia DR3
Gaia DR3 1387401640655986688,230.1725527,36.7693580,14.111,2.749,1.070,10.4668,12.1021,-16.97,-18.62,1.88,19.723,M3.6,nan,nan,1.205,nan,Gaia DR3
Gaia DR3 1396617472242087168,236.5959716,44.0541805,11.226,1.767,0.759,14.8718,12.2965,-18.33,-18.69,0.29,21.499,K7.4,nan,nan,1.140,nan,Gaia DR3
Gaia DR3 1523645047031954944,194.6324627,38.2785707,8.484,0.932,0.769,17.6955,12.7981,-5.33,-5.00,0.14,24.457,G8.6,nan,nan,1.062,nan,Gaia DR3
Gaia DR3 1271649969930799872,229.1040597,28.0557486,16.477,0.397,2.916,15.2075,12.8111,-16.57,nan,nan,21.244,F0.1,nan,nan,0.996,nan,None
Gaia DR3 1523644978312478976,194.6451020,38.2799378,9.029,1.184,0.577,17.6855,12.8460,-5.34,-3.34,6.85,24.101,K2.7,nan,nan,2.028,nan,Gaia DR3
Gaia DR3 1383172330523940096,240.5723219,40.4968188,12.553,2.358,0.367,17.6829,12.9700,-19.57,-18.28,1.62,23.614,M2.5,nan,nan,1.221,nan,Gaia DR3
Gaia DR3 1254789096552470400,216.7443012,24.1491415,11.227,2.067,4.845,15.6508,12.9790,-11.98,-14.78,0.25,29.305,M0.9,nan,nan,1.362,nan,Gaia DR3
Gaia DR3 1373473435375960448,239.2421548,37.6373032,12.152,2.459,4.481,17.1413,13.0751,-19.42,-25.29,3.66,22.550,M2.9,nan,nan,17.451,nan,Gaia DR3
Gaia DR3 1522768049067813504,196.5711248,38.3415191,19.522,3.220,4.453,16.1938,13.1356,-6.01,nan,nan,29.070,M4.7,nan,nan,1.104,nan,None
Gaia DR3 1528698883509296128,192.6636273,42.9365837,16.048,3.550,4.327,18.7539,13.5065,-5.31,nan,nan,25.237,M5.4,nan,nan,1.064,nan,None
Gaia DR3 1509460728558078848,211.9846969,48.2107142,6.710,0.505,4.178,9.2694,13.5738,-11.63,-25.30,0.32,18.788,F2.5,nan,nan,0.986,nan,Gaia DR3
Gaia DR3 1609807687330195584,212.9688351,55.9908915,19.296,3.468,1.621,16.4613,14.0152,-11.91,nan,nan,20.972,M5.2,nan,nan,1.105,nan,None
Gaia DR3 1252420576707828352,212.9493000,21.2708946,12.307,2.591,2.397,18.9038,14.0185,-10.24,-21.34,0.30,27.487,M3.3,nan,nan,1.514,nan,Gaia DR3
Gaia DR3 1247168931216260736,211.0410505,20.7590410,9.793,1.343,2.908,19.7915,14.2447,-9.43,-9.93,0.17,24.815,K4.2,nan,nan,1.072,nan,Gaia DR3
Gaia DR3 1505069279117046912,213.6283975,44.5780306,14.087,2.581,3.437,5.5391,14.3345,-12.03,-23.92,1.36,17.998,M3.2,nan,nan,1.205,nan,Gaia DR3
Gaia DR3 1449157085618801408,200.9740263,26.8553522,16.352,3.926,4.912,18.7958,14.5642,-6.18,nan,nan,22.150,M6.0,nan,nan,2.565,nan,None
Gaia DR3 1241384331823317632,220.5957425,21.2929291,7.350,0.673,2.660,18.6985,14.6558,-13.18,-2.20,0.12,21.943,F7.1,nan,nan,0.987,nan,Gaia DR3
Gaia DR3 1263985102569989504,229.8126737,24.3270484,10.574,1.523,1.972,18.6636,14.9060,-16.65,-17.16,0.17,21.627,K5.3,nan,nan,1.030,nan,Gaia DR3
Gaia DR3 1246505032351703808,209.5560993,19.2865038,8.976,1.206,4.868,21.5845,15.4918,-8.66,-10.40,0.28,26.335,K3.0,nan,nan,13.259,nan,Gaia DR3
Gaia DR3 1370571450529693952,234.4452925,33.1002100,14.265,2.770,0.565,15.2279,15.5184,-18.27,-17.89,2.45,19.438,M3.6,nan,nan,1.191,nan,Gaia DR3
Gaia DR3 1446969916473264384,199.5651567,24.6550396,12.803,2.451,4.897,21.2857,15.5878,-5.32,-7.56,1.61,23.601,M2.9,nan,nan,0.914,nan,Gaia DR3
Gaia DR3 1246438718056644224,209.7519728,19.0164870,15.243,3.310,2.732,21.7919,15.7073,-8.71,nan,nan,26.933,M4.9,nan,nan,1.129,nan,None
Gaia DR3 1515247836210515456,190.8058535,34.4650685,13.014,2.660,1.443,21.7673,15.7544,-3.42,-4.23,1.80,27.276,M3.4,nan,nan,1.140,nan,Gaia DR3
Gaia DR3 1506659653966670464,216.9579549,46.8050673,16.096,3.212,4.523,7.0217,15.9572,-13.02,nan,nan,17.605,M4.6,nan,nan,1.098,nan,None
Gaia DR3 1473443510771118464,202.0968323,35.7567661,14.137,3.052,1.606,12.7255,16.2911,-7.65,-14.88,1.93,36.274,M4.2,nan,nan,1.393,nan,Gaia DR3
Gaia DR3 1485151935217184256,211.7808726,37.8729979,11.857,1.911,1.488,4.7719,16.5181,-11.17,-19.35,0.27,17.240,M0.4,nan,nan,1.252,nan,Gaia DR3
Gaia DR3 1212738995903148544,227.2158276,19.0384709,8.071,0.986,3.391,22.4110,16.7132,-15.41,-24.17,0.13,29.363,K0.2,nan,nan,0.908,nan,Gaia DR3
Gaia DR3 1515813878541104128,193.0697069,33.9605836,15.903,3.800,3.671,20.2384,16.7442,-4.16,nan,nan,32.159,M5.8,nan,nan,1.056,nan,None
Gaia DR3 1473443510771118336,202.0978696,35.7565721,14.362,3.232,0.778,12.7248,16.8364,-7.65,-12.26,2.98,37.161,M4.7,nan,nan,25.051,nan,Gaia DR3
Gaia DR3 1236196767243508608,219.1188554,18.9763750,17.074,3.938,4.791,20.8672,16.8438,-12.40,nan,nan,21.283,M6.0,nan,nan,1.101,nan,None
Gaia DR3 1605975687445529472,221.2485637,53.1569603,12.321,2.136,3.645,13.6227,17.0308,-13.97,-16.36,1.15,18.286,M1.3,nan,nan,9.597,nan,Gaia DR3
Gaia DR3 1627009070005450624,235.5832943,59.6146063,17.050,--,3.737,22.8814,17.1427,-16.25,nan,nan,22.776,nan,nan,nan,1.025,nan,None
Gaia DR3 1610856453920291712,220.0432282,57.7132271,7.752,0.680,1.089,18.0044,17.1467,-13.44,-14.62,0.14,19.550,F7.4,nan,nan,1.370,nan,Gaia DR3
Gaia DR3 1661323964619868928,211.1805772,61.1944550,16.920,4.542,4.563,21.7427,17.1501,-11.42,nan,nan,21.632,M6.8,nan,nan,1.090,nan,None
Gaia DR3 1627009070006756608,235.5841081,59.6147773,13.566,2.813,4.807,22.8817,17.3143,-16.25,-25.67,26.29,22.499,M3.7,nan,nan,1.299,nan,Gaia DR3
Gaia DR3 1613573690750097024,223.8383164,56.9290476,14.852,-0.155,2.621,17.6468,17.4813,-14.31,nan,nan,19.228,B4.9,nan,nan,0.964,nan,None
Gaia DR3 1659332409759969792,207.6182932,58.6565040,10.842,1.634,3.286,19.8684,17.5688,-10.67,-14.86,0.28,20.102,K5.6,nan,nan,0.988,nan,Gaia DR3
Gaia DR3 3958028490314315008,192.9093445,25.5086632,8.851,1.067,2.289,24.9412,17.7228,-2.80,nan,nan,25.878,K1.8,nan,nan,0.884,nan,None
Gaia DR3 3958028559033816832,193.0083530,25.4564595,9.441,1.478,2.353,24.9081,17.7239,-2.83,nan,nan,25.536,K5.1,nan,nan,2.741,nan,None
Gaia DR3 1426873554041125120,247.7599941,54.2270452,14.397,2.964,0.202,24.9339,17.7683,-19.22,-26.13,4.47,25.291,M4.0,nan,nan,1.134,nan,Gaia DR3
Gaia DR3 1667027548045598208,217.6902133,63.1858276,5.998,0.574,4.123,23.3961,18.0383,-12.60,-3.46,0.22,31.558,F4.7,nan,nan,0.974,nan,Gaia DR3
Gaia DR3 1545247048904161664,183.5329793,47.2673649,14.135,2.917,3.001,25.4352,18.0633,-3.20,-9.56,1.17,25.763,M3.9,nan,nan,1.160,nan,Gaia DR3
Gaia DR3 1295557647681210368,227.4735395,38.9782845,10.148,1.200,3.915,7.8301,18.0794,-16.14,-10.39,3.81,17.017,K2.9,nan,nan,2.633,nan,Gaia DR3
Gaia DR3 1253353890280943104,212.9298436,22.1124097,17.411,0.502,2.153,18.0807,18.0918,-10.32,nan,nan,19.056,F2.4,nan,nan,0.986,nan,None
Gaia DR3 1569244577374366336,188.3575279,52.4494508,14.093,2.866,4.569,23.5318,18.2750,-5.40,-9.12,4.12,21.847,M3.8,nan,nan,1.261,nan,Gaia DR3
Gaia DR3 1519205768833341312,186.0609847,35.7189194,14.893,3.245,3.613,24.9733,18.3946,-1.93,12.39,4.41,30.121,M4.7,nan,nan,1.067,nan,Gaia DR3
Gaia DR3 1547052687517410304,185.9241800,49.0708994,14.617,3.026,3.746,24.0938,18.4072,-4.20,-11.17,3.34,22.204,M4.2,nan,nan,1.216,nan,Gaia DR3
Gaia DR3 1547052687517410432,185.9230494,49.0712888,14.295,2.922,4.272,24.0946,18.4160,-4.20,-11.17,2.47,22.193,M3.9,nan,nan,1.176,nan,Gaia DR3
Gaia DR3 1262672388765696512,223.7512439,22.9679361,14.872,2.925,4.581,17.6639,18.4175,-14.47,-19.13,3.03,18.754,M3.9,nan,nan,1.107,nan,Gaia DR3
Gaia DR3 1547052653157671808,185.9221246,49.0679724,15.273,3.144,3.534,24.0945,18.4225,-4.20,nan,nan,22.184,M4.5,nan,nan,1.149,nan,None
Gaia DR3 1383268439008361344,240.1300259,41.2035403,16.006,3.256,1.260,17.2991,18.6201,-19.41,nan,nan,18.547,M4.8,nan,nan,1.015,nan,None
Gaia DR3 1295557647681209984,227.4751871,38.9759059,8.198,0.716,4.137,7.8317,18.8003,-16.15,-8.39,0.13,16.800,F8.9,nan,nan,0.961,nan,Gaia DR3
Gaia DR3 1324251396473528832,248.7541117,31.5080761,13.387,2.787,2.963,26.6381,18.8834,-22.03,-26.68,1.38,25.700,M3.7,nan,nan,1.216,nan,Gaia DR3
Gaia DR3 1610907546851440128,217.6296311,57.1728598,16.513,3.537,2.788,17.3831,18.8976,-12.94,nan,nan,18.444,M5.4,nan,nan,1.185,nan,None
Gaia DR3 1476430505906769408,199.7951868,38.7431274,14.582,2.865,2.278,13.6417,18.9559,-7.17,0.53,6.64,17.549,M3.8,nan,nan,4.889,nan,Gaia DR3
Gaia DR3 1312648589566927104,249.4627438,31.8503856,13.442,2.751,4.177,27.0251,19.0894,-22.18,-29.12,1.08,26.920,M3.6,nan,nan,18.095,nan,Gaia DR3
Gaia DR3 1668251063969207552,214.7625528,64.8629177,13.158,2.575,0.973,25.1189,19.1372,-11.96,-15.64,13.05,22.232,M3.2,nan,nan,1.297,nan,Gaia DR3
Gaia DR3 4016968051639084032,185.3530081,34.0452061,10.432,1.547,4.394,26.1034,19.2435,-1.38,-7.04,0.19,23.213,K5.4,nan,nan,1.043,nan,Gaia DR3
Gaia DR3 1404496155953774592,236.7178412,51.8925711,16.583,3.827,3.697,18.0003,19.2839,-17.55,nan,nan,18.446,M5.8,nan,nan,1.366,nan,None
Gaia DR3 1329124913043769216,246.0831715,34.2433572,14.535,2.980,2.928,23.4615,19.3750,-21.28,-27.23,3.87,20.697,M4.1,nan,nan,1.156,nan,Gaia DR3
Gaia DR3 1668008140619144448,211.5270978,64.5507577,13.392,2.668,4.407,24.9957,19.3997,-11.39,-24.20,0.96,33.063,M3.4,nan,nan,1.287,nan,Gaia DR3
Gaia DR3 1236186528041423232,218.7996518,18.7537738,15.753,2.998,4.622,21.0716,19.4442,-12.26,-30.45,5.25,19.438,M4.1,nan,nan,1.104,nan,Gaia DR3
Gaia DR3 1220278033602341376,238.1062311,25.9157670,15.605,3.176,1.771,22.1582,19.4596,-19.31,-31.66,8.02,19.919,M4.6,nan,nan,1.453,nan,Gaia DR3
Gaia DR3 1220278037896123776,238.1063686,25.9162402,15.571,3.158,2.498,22.1579,19.4860,-19.31,nan,nan,19.901,M4.5,nan,nan,1.425,nan,None
Gaia DR3 1257982937313049472,208.4863850,24.3727312,13.645,2.774,3.897,17.1423,19.5497,-8.83,nan,nan,18.093,M3.6,nan,nan,6.711,nan,None
Gaia DR3 1329124913043769344,246.0817764,34.2427196,14.878,3.036,3.594,23.4606,19.5534,-21.28,-16.40,6.90,20.548,M4.2,nan,nan,3.167,nan,Gaia DR3
Gaia DR3 1557677371452516096,194.5699746,52.6117346,11.844,2.321,4.644,20.1921,19.6185,-7.08,-10.67,0.22,38.152,M2.4,nan,nan,1.379,nan,Gaia DR3
Gaia DR3 1323563308352525440,242.1119116,33.7331462,8.228,0.796,4.080,20.6326,19.7176,-20.34,-27.47,0.13,19.106,G0.7,nan,nan,0.987,nan,Gaia DR3
Gaia DR3 1329410545548746496,245.4582100,35.1949488,16.493,3.607,4.256,22.6397,19.7592,-21.08,nan,nan,19.950,M5.5,nan,nan,0.955,nan,None
Gaia DR3 1452337006389928960,208.3948926,29.4826442,17.362,0.435,4.672,12.6748,19.7691,-9.32,nan,nan,17.102,F1.0,nan,nan,1.007,nan,None
Gaia DR3 1537695431244434944,181.4748582,44.0738892,14.750,2.965,4.447,26.8434,19.7890,-1.98,0.21,5.09,23.191,M4.0,nan,nan,0.839,nan,Gaia DR3
Gaia DR3 1524497305982984832,199.7899685,39.2207497,14.161,2.546,1.194,13.5711,19.7949,-7.22,-18.55,1.72,17.241,M3.2,nan,nan,0.928,nan,Gaia DR3
Gaia DR3 4013826162803146752,184.2428086,31.1562839,12.765,2.707,3.538,28.1580,19.8766,-0.44,-9.84,11.00,25.983,M3.5,nan,nan,1.084,nan,Gaia DR3
Gaia DR3 1236585612107071616,221.7376386,18.3002001,9.262,1.006,2.470,21.8159,19.8987,-13.33,-14.34,0.19,19.479,K0.9,nan,nan,0.943,nan,Gaia DR3
Gaia DR3 1678074272650459008,197.9965323,65.8336938,12.110,2.197,1.344,28.2839,19.9273,-8.94,-41.79,0.32,27.740,M1.7,nan,nan,1.227,nan,Gaia DR3
Gaia DR3 1482453802402265088,213.4867868,35.9289776,17.301,3.755,2.973,4.9402,19.9309,-11.64,nan,nan,16.273,M5.7,nan,nan,0.988,nan,None
Gaia DR3 1535849763538623232,182.9661909,39.9578284,11.010,1.704,0.624,26.2542,20.0894,-1.66,-2.39,0.58,22.071,K7.0,nan,nan,1.367,nan,Gaia DR3
Gaia DR3 1321207948286591232,237.3213714,30.9851625,14.572,2.824,1.944,18.4202,20.0954,-19.11,nan,nan,18.201,M3.7,nan,nan,1.093,nan,None
Gaia DR3 1255034459444168704,218.2865282,24.5349321,17.280,4.730,1.849,15.2740,20.2671,-12.59,nan,nan,42.473,M7.0,nan,nan,1.066,nan,None
Gaia DR3 1457686547075286912,210.6033300,33.0216320,9.521,0.997,3.811,8.6928,20.3529,-10.44,-10.30,0.22,16.431,K0.6,nan,nan,1.822,nan,Gaia DR3
Gaia DR3 1668845350004416256,221.3180642,65.3301413,7.107,0.639,2.992,25.6396,20.3772,-13.05,-11.88,0.17,21.240,F6.0,nan,nan,0.994,nan,Gaia DR3
Gaia DR3 4008765145140180224,185.6987698,27.1989451,12.719,2.491,4.485,29.0694,20.5452,-0.26,-7.60,1.71,25.597,M3.0,nan,nan,1.283,nan,Gaia DR3
Gaia DR3 3942267575245222656,192.9644116,20.3809864,13.351,2.606,3.038,28.5151,20.7985,-1.99,-2.93,2.80,23.570,M3.3,nan,nan,1.263,nan,Gaia DR3
Gaia DR3 3942331514424144256,192.6731587,20.5369914,17.304,3.740,3.789,28.5816,20.8920,-1.90,nan,nan,23.476,M5.7,nan,nan,1.094,nan,None
Gaia DR3 1627909570029879680,238.2946653,62.5960158,14.496,3.196,4.661,26.0319,20.9023,-16.17,nan,nan,21.010,M4.6,nan,nan,1.283,nan,None
Gaia DR3 1312325955919592320,249.7812210,30.6217820,13.827,2.776,3.507,27.8279,20.9241,-22.30,-3.26,1.27,22.498,M3.6,nan,nan,1.173,nan,Gaia DR3
Gaia DR3 1376250634245000704,235.7019427,37.5440504,15.887,3.386,4.323,14.4454,20.9992,-18.50,nan,nan,16.984,M5.1,nan,nan,1.731,nan,None
Gaia DR3 1670742145000989312,220.1078408,68.6740211,14.647,3.022,4.618,28.9208,21.0484,-12.51,-9.41,8.11,31.989,M4.2,nan,nan,1.123,nan,Gaia DR3
Gaia DR3 1321207948287911168,237.3211583,30.9852797,14.566,2.811,0.603,18.4200,21.0598,-19.11,nan,nan,17.792,M3.7,nan,nan,1.115,nan,None
Gaia DR3 1468322432286288128,203.1618848,30.9848129,12.758,3.080,4.880,14.5336,21.0615,-7.52,-11.80,31.32,44.583,M4.3,nan,nan,15.772,nan,Gaia DR3
Gaia DR3 1442307677933551104,201.1409439,21.2215714,15.583,3.025,2.844,23.1728,21.2342,-5.49,-19.78,4.58,19.250,M4.2,nan,nan,1.041,nan,Gaia DR3
Gaia DR3 1182978514674919040,229.7934070,14.4026574,13.340,2.736,4.074,27.6175,21.3437,-15.91,-32.74,2.94,21.759,M3.6,nan,nan,1.887,nan,Gaia DR3
Gaia DR3 1325528616668262784,245.6747778,32.8737287,17.350,4.073,0.813,23.6974,21.3630,-21.25,nan,nan,19.397,M6.2,nan,nan,0.951,nan,None
Gaia DR3 1261691963695043072,226.6073469,21.7458526,11.984,1.978,4.801,19.6772,21.5359,-15.40,-12.69,0.35,17.923,M0.6,nan,nan,1.243,nan,Gaia DR3
Gaia DR3 1694997062272007680,220.4405390,70.2623569,13.400,2.601,2.461,30.5134,21.5626,-12.38,-21.10,1.05,30.281,M3.3,nan,nan,1.246,nan,Gaia DR3
Gaia DR3 1553392093602841728,202.2152863,49.4715589,12.301,1.807,3.600,14.4550,21.5742,-8.91,-34.03,0.47,16.798,K7.8,nan,nan,1.198,nan,Gaia DR3
Gaia DR3 1182206142114906240,228.1025403,12.2991956,13.615,--,2.798,29.0729,21.6793,-15.08,-14.48,2.87,22.718,nan,nan,nan,1.314,nan,Gaia DR3
Gaia DR3 1669700701331083264,221.6291202,67.7219302,16.415,3.547,2.813,28.0288,21.6860,-12.84,nan,nan,21.711,M5.4,nan,nan,1.043,nan,None
Gaia DR3 1193907316656812800,233.3546843,13.6827112,10.478,1.608,3.236,29.6364,21.7161,-17.08,-22.30,0.25,23.341,K5.6,nan,nan,1.138,nan,Gaia DR3
Gaia DR3 1193907346721779328,233.3570630,13.6826657,17.039,3.751,3.585,29.6374,21.7393,-17.08,nan,nan,23.299,M5.7,nan,nan,0.990,nan,None
Gaia DR3 1518521529003631488,190.1478351,35.9618356,15.383,3.012,1.991,21.7557,21.8012,-3.42,7.01,7.53,18.425,M4.1,nan,nan,1.077,nan,Gaia DR3
Gaia DR3 1182206142114219136,228.1026672,12.2994915,13.426,2.706,4.693,29.0726,21.8028,-15.08,-17.63,1.59,22.534,M3.5,nan,nan,1.067,nan,Gaia DR3
Gaia DR3 1261692032414519680,226.6040256,21.7462397,12.448,2.176,4.886,19.6757,21.8204,-15.40,-13.75,0.46,17.803,M1.5,nan,nan,4.229,nan,Gaia DR3
Gaia DR3 1532253776399535104,187.6174378,39.3501772,11.333,1.730,3.129,22.8492,21.8250,-3.10,-0.52,0.32,18.793,K7.1,nan,nan,1.043,nan,Gaia DR3
Gaia DR3 1322584674284114816,243.7030361,32.6546061,13.443,2.409,2.773,22.2966,21.9083,-20.78,-63.35,0.81,18.553,M2.7,nan,nan,1.148,nan,Gaia DR3
Gaia DR3 1322584674284114048,243.6977029,32.6443305,15.067,2.819,2.895,22.2971,21.9303,-20.78,-65.85,3.91,18.542,M3.7,nan,nan,1.032,nan,Gaia DR3
Gaia DR3 1566653578222808832,196.9975366,58.4288678,14.774,2.683,1.882,22.7299,21.9307,-8.24,-5.44,3.22,18.694,M3.5,nan,nan,0.987,nan,Gaia DR3
Gaia DR3 1515445507785915520,191.1088882,35.2741555,15.367,3.153,4.926,21.2447,21.9966,-3.65,nan,nan,18.171,M4.5,nan,nan,1.091,nan,None
Gaia DR3 1200757686414000768,244.6271076,19.1444576,11.431,2.080,4.730,31.2069,22.0030,-20.96,-23.26,0.28,25.540,M1.0,nan,nan,1.891,nan,Gaia DR3
Gaia DR3 1289138423920964608,226.2625903,33.7491737,14.095,2.671,2.491,9.3181,22.1881,-15.78,0.19,1.57,15.981,M3.4,nan,nan,1.202,nan,Gaia DR3
Gaia DR3 1413918390784202624,253.4833718,53.0926784,11.599,2.012,3.750,27.7964,22.2067,-20.30,-40.20,0.28,21.000,M0.7,nan,nan,1.094,nan,Gaia DR3
Gaia DR3 1392282819447942272,229.1928519,41.1820994,17.904,4.103,3.402,9.0752,22.3006,-16.58,nan,nan,15.930,M6.2,nan,nan,0.942,nan,None
Gaia DR3 1466973675115010176,198.5859863,33.6869833,16.013,3.116,3.887,16.2193,22.3110,-6.14,nan,nan,16.860,M4.4,nan,nan,0.943,nan,None
Gaia DR3 1314312185020118144,250.6606043,33.1489180,19.810,3.202,4.269,27.3955,22.4261,-22.37,nan,nan,20.547,M4.6,nan,nan,1.010,nan,None
Gaia DR3 1203627102528283392,237.9127156,18.6731136,12.127,2.093,2.294,27.5443,22.4521,-18.96,-19.57,3.23,20.617,M1.0,nan,nan,1.518,nan,Gaia DR3
Gaia DR3 1279762991349672576,221.8652652,27.0646512,9.343,0.979,4.943,13.2570,22.4761,-14.06,-38.69,0.15,16.341,G9.9,nan,nan,1.021,nan,Gaia DR3
Gaia DR3 3956777589678737152,193.0763416,23.2744112,13.586,2.632,4.224,26.3468,22.5374,-2.51,nan,nan,19.878,M3.4,nan,nan,1.236,nan,None
Gaia DR3 1420101696285626624,256.3334623,54.4710536,5.590,0.639,0.165,29.7578,22.8247,-20.40,nan,nan,36.790,F6.0,nan,nan,1.266,nan,None
Gaia DR3 1192782928581804928,237.5471460,14.9611600,15.395,3.158,4.648,30.4463,22.8439,-18.58,nan,nan,22.469,M4.5,nan,nan,12.291,nan,None
Gaia DR3 1403766939225964288,240.4471692,51.3479158,8.386,0.939,4.146,19.7135,22.9073,-18.38,nan,nan,17.378,G8.8,nan,nan,0.915,nan,None
Gaia DR3 1160716496587849088,226.5891890,7.7151789,11.428,2.210,2.244,33.1164,23.0170,-13.96,-21.54,0.43,29.908,M1.7,nan,nan,1.386,nan,Gaia DR3
Gaia DR3 1683241633703504512,184.9674900,68.3261645,12.719,2.581,4.747,33.4594,23.1669,-6.96,-33.76,0.94,28.105,M3.2,nan,nan,1.405,nan,Gaia DR3
Gaia DR3 1603163239780410752,233.2599751,59.2935196,16.829,3.541,4.616,21.9253,23.1728,-15.89,nan,nan,17.849,M5.4,nan,nan,0.971,nan,None
Gaia DR3 1639627546483126912,233.8391225,61.6350675,13.279,2.653,3.681,24.0404,23.2153,-15.63,-9.50,2.42,18.501,M3.4,nan,nan,6.340,nan,Gaia DR3
Gaia DR3 1639627580842865920,233.8628933,61.6451030,12.587,2.123,3.158,24.0549,23.3399,-15.63,-8.01,0.53,18.443,M1.2,nan,nan,1.511,nan,Gaia DR3
Gaia DR3 1685183744899596544,203.6037994,69.9408703,12.238,2.433,4.941,31.0059,23.4084,-9.98,-14.10,1.40,22.255,M2.8,nan,nan,1.344,nan,Binks \& Jeffries (2016)
Gaia DR3 1545795533411708032,183.7852359,48.7323350,9.805,1.904,4.786,25.4267,23.5266,-3.53,-14.80,0.15,43.797,M0.3,nan,nan,4.700,nan,Gaia DR3
Gaia DR3 1370560249254878976,234.1797440,32.7973822,14.525,2.542,4.290,15.1963,23.6004,-18.19,-47.07,3.12,16.283,M3.1,nan,nan,1.103,nan,Gaia DR3
Gaia DR3 1612198918962583552,217.0363324,59.7393995,17.844,4.208,3.010,19.9503,23.6810,-12.68,nan,nan,17.142,M6.3,nan,nan,1.005,nan,None
Gaia DR3 4565621227164694016,251.3282287,21.4179526,15.404,3.235,3.745,34.1900,23.6842,-22.74,nan,nan,27.267,M4.7,nan,nan,1.093,nan,None
Gaia DR3 1680943860560015488,187.1508367,67.4912503,15.274,3.148,2.945,32.2899,23.6945,-7.20,-13.62,4.31,23.193,M4.5,nan,nan,1.466,nan,Gaia DR3
Gaia DR3 785997230125164544,175.0136927,46.1259481,15.022,2.980,1.539,31.2687,23.8337,-0.50,4.37,4.43,21.964,M4.1,nan,nan,1.051,nan,Gaia DR3
Gaia DR3 1197704480067772800,235.5472839,18.0217651,14.847,2.835,2.431,26.8348,23.9395,-18.17,9.14,4.47,19.195,M3.8,nan,nan,1.077,nan,Gaia DR3
Gaia DR3 4030344297785870720,184.0736099,37.0761199,18.011,4.668,1.299,26.0890,23.9414,-1.49,nan,nan,18.883,M6.9,nan,nan,1.126,nan,None
Gaia DR3 1523021795737549184,198.5134596,38.8149258,11.866,1.779,4.397,14.6138,23.9582,-6.74,-2.10,0.39,16.094,K7.5,nan,nan,1.286,nan,Gaia DR3
Gaia DR3 1266957735334540288,220.4496554,24.4788358,13.882,2.415,4.742,15.5261,24.0156,-13.38,11.29,1.42,16.209,M2.8,nan,nan,1.063,nan,Gaia DR3
Gaia DR3 3718565543663057152,204.6473007,7.7461955,14.325,2.828,4.064,34.0161,24.0257,-5.00,-8.82,2.46,25.115,M3.7,nan,nan,1.241,nan,Gaia DR3
Gaia DR3 788817992852527104,171.3770786,47.6924885,15.989,3.489,4.711,33.6455,24.1337,0.13,nan,nan,24.182,M5.3,nan,nan,1.190,nan,None
Gaia DR3 1337270026462959616,262.0987358,37.3674820,14.313,3.217,2.076,34.6697,24.1525,-24.04,-27.44,2.67,32.220,M4.7,nan,nan,1.216,nan,Gaia DR3
Gaia DR3 1220899674287844736,233.4242884,23.4439311,8.278,0.760,3.567,21.2261,24.1544,-17.79,-20.74,0.13,17.264,F9.5,nan,nan,1.147,nan,Gaia DR3
Gaia DR3 1558893534392538496,205.9600352,50.5014044,12.847,2.263,0.376,13.3740,24.2324,-10.02,-32.10,2.47,15.856,M2.1,nan,nan,2.320,nan,Gaia DR3
Gaia DR3 1558893534390665600,205.9603879,50.5015789,13.030,2.198,1.146,13.3740,24.3262,-10.02,-13.04,4.65,15.830,M1.7,nan,nan,1.106,nan,Gaia DR3
Gaia DR3 4026742744370003712,179.5293205,32.2736322,6.350,0.447,2.079,31.2802,24.5756,1.05,nan,nan,21.175,F1.2,nan,nan,1.047,nan,None
Gaia DR3 4026742744369123584,179.5274430,32.2725651,12.159,1.946,0.920,31.2821,24.5968,1.05,nan,nan,21.156,M0.5,nan,nan,1.685,nan,None
Gaia DR3 4454999087417518976,239.2246578,9.6155898,15.819,3.588,4.822,35.8888,24.6256,-18.59,nan,nan,29.461,M5.5,nan,nan,1.032,nan,None
Gaia DR3 4027326928641456256,181.2791936,33.7496624,7.388,0.704,1.772,29.3445,24.6606,0.13,-7.49,0.12,19.922,F8.4,nan,nan,1.016,nan,Gaia DR3
Gaia DR3 1456403004684961408,205.8528028,30.7795638,13.645,2.455,3.915,13.0138,24.8220,-8.50,-17.49,24.94,15.655,M2.9,nan,nan,1.269,nan,Gaia DR3
Gaia DR3 1456403004684961536,205.8556920,30.7787596,13.614,2.425,3.759,13.0127,24.8354,-8.50,-16.10,1.47,15.651,M2.8,nan,nan,1.246,nan,Gaia DR3
Gaia DR3 1206795169186219264,241.0543019,23.5274558,13.324,3.336,3.630,25.7424,24.8553,-20.12,-25.78,1.70,47.711,M4.9,nan,nan,9.825,nan,Gaia DR3
Gaia DR3 1320894312595678976,238.0878603,29.7969189,10.845,1.413,0.917,19.6442,24.8703,-19.34,-19.42,0.22,16.657,K4.8,nan,nan,1.191,nan,Gaia DR3
Gaia DR3 1392570650976553984,228.5516853,42.1473315,15.830,3.027,3.823,8.7423,24.9007,-16.37,8.56,5.70,15.247,M4.2,nan,nan,1.022,nan,Gaia DR3
Gaia DR3 1376712734070749952,236.8154945,38.2246253,17.989,4.183,1.367,15.1442,24.9420,-18.77,nan,nan,15.886,M6.3,nan,nan,1.046,nan,None
Gaia DR3 1278833899727756160,229.3855890,34.2347580,12.133,1.762,4.089,11.0574,24.9780,-16.76,-59.86,0.54,15.415,K7.4,nan,nan,1.074,nan,Gaia DR3
